date_and_time;number_of_taxi_trips;temperature;precipitation;wind_speed;;;;;;;;;;;;;;;;
01/01/2024 12:00:00 AM;462;0,6;0;27,7;;;;;;;;;;;;;;;;
01/01/2024 01:00:00 AM;522;0;0;20,5;;;;;;;;;;;;;;;;
01/01/2024 02:00:00 AM;490;0,6;0;25,9;;;;;;;;;;;;;;;;
01/01/2024 03:00:00 AM;269;0,6;0;25,9;;;;;;;;;;;;;;;;
01/01/2024 04:00:00 AM;150;0,6;0;20,5;;;;;;;;;;;;;;;;
01/01/2024 05:00:00 AM;115;0,6;0;25,9;;;;;;;;;;;;;;;;
01/01/2024 06:00:00 AM;126;0;0;20,5;;;;;;;;;;;;;;;;
01/01/2024 07:00:00 AM;117;0;0;24,1;;;;;;;;;;;;;;;;
01/01/2024 08:00:00 AM;161;0;0;25,9;;;;;;;;;;;;;;;;
01/01/2024 09:00:00 AM;257;0;0;20,5;;;;;;;;;;;;;;;;
01/01/2024 10:00:00 AM;324;-0,6;0;22,3;;;;;;;;;;;;;;;;
01/01/2024 11:00:00 AM;458;-0,6;0;18,4;;;;;;;;;;;;;;;;
01/01/2024 12:00:00 PM;503;-0,6;0;16,6;;;;;;;;;;;;;;;;
01/01/2024 01:00:00 PM;583;-1,1;0;13;;;;;;;;;;;;;;;;
01/01/2024 02:00:00 PM;587;-0,6;0;13;;;;;;;;;;;;;;;;
01/01/2024 03:00:00 PM;531;-0,6;0;16,6;;;;;;;;;;;;;;;;
01/01/2024 04:00:00 PM;570;0;0;16,6;;;;;;;;;;;;;;;;
01/01/2024 05:00:00 PM;580;-0,6;0;13;;;;;;;;;;;;;;;;
01/01/2024 06:00:00 PM;543;-0,6;0;11,2;;;;;;;;;;;;;;;;
01/01/2024 07:00:00 PM;586;-0,6;0;9,4;;;;;;;;;;;;;;;;
01/01/2024 08:00:00 PM;621;-0,6;0;11,2;;;;;;;;;;;;;;;;
01/01/2024 09:00:00 PM;408;-0,6;0;14,8;;;;;;;;;;;;;;;;
01/01/2024 10:00:00 PM;322;-1,1;0;13;;;;;;;;;;;;;;;;
01/01/2024 11:00:00 PM;226;-1,1;0;13;;;;;;;;;;;;;;;;
01/02/2024 12:00:00 AM;215;-1,1;0;11,2;;;;;;;;;;;;;;;;
01/02/2024 01:00:00 AM;110;-1,1;0;14,8;;;;;;;;;;;;;;;;
01/02/2024 02:00:00 AM;47;-1,7;0;14,8;;;;;;;;;;;;;;;;
01/02/2024 03:00:00 AM;36;-1,7;0;14,8;;;;;;;;;;;;;;;;
01/02/2024 04:00:00 AM;53;-2,8;0;16,6;;;;;;;;;;;;;;;;
01/02/2024 05:00:00 AM;136;-2,8;0;22,3;;;;;;;;;;;;;;;;
01/02/2024 06:00:00 AM;294;-2,8;0;24,1;;;;;;;;;;;;;;;;
01/02/2024 07:00:00 AM;466;-2,8;0;20,5;;;;;;;;;;;;;;;;
01/02/2024 08:00:00 AM;661;-2,8;0;18,4;;;;;;;;;;;;;;;;
01/02/2024 09:00:00 AM;729;-2,8;0;20,5;;;;;;;;;;;;;;;;
01/02/2024 10:00:00 AM;790;-2,2;0;16,6;;;;;;;;;;;;;;;;
01/02/2024 11:00:00 AM;769;-2,2;0;22,3;;;;;;;;;;;;;;;;
01/02/2024 12:00:00 PM;837;-2,8;0;16,6;;;;;;;;;;;;;;;;
01/02/2024 01:00:00 PM;929;-3,3;0;20,5;;;;;;;;;;;;;;;;
01/02/2024 02:00:00 PM;871;-2,8;0;20,5;;;;;;;;;;;;;;;;
01/02/2024 03:00:00 PM;874;-2,2;0;25,9;;;;;;;;;;;;;;;;
01/02/2024 04:00:00 PM;908;-0,6;0;22,3;;;;;;;;;;;;;;;;
01/02/2024 05:00:00 PM;942;1,1;0;20,5;;;;;;;;;;;;;;;;
01/02/2024 06:00:00 PM;769;1,7;0;33,5;;;;;;;;;;;;;;;;
01/02/2024 07:00:00 PM;707;3,9;0;25,9;;;;;;;;;;;;;;;;
01/02/2024 08:00:00 PM;587;3,9;0;25,9;;;;;;;;;;;;;;;;
01/02/2024 09:00:00 PM;479;3,3;0;22,3;;;;;;;;;;;;;;;;
01/02/2024 10:00:00 PM;350;2,8;0;20,5;;;;;;;;;;;;;;;;
01/02/2024 11:00:00 PM;248;2,8;0;20,5;;;;;;;;;;;;;;;;
01/03/2024 12:00:00 AM;231;2,2;0;20,5;;;;;;;;;;;;;;;;
01/03/2024 01:00:00 AM;130;1,1;0;24,1;;;;;;;;;;;;;;;;
01/03/2024 02:00:00 AM;59;1,1;0;24,1;;;;;;;;;;;;;;;;
01/03/2024 03:00:00 AM;49;-0,6;0;16,6;;;;;;;;;;;;;;;;
01/03/2024 04:00:00 AM;47;-0,6;0;13;;;;;;;;;;;;;;;;
01/03/2024 05:00:00 AM;115;-0,6;0;0;;;;;;;;;;;;;;;;
01/03/2024 06:00:00 AM;249;-0,6;0;7,6;;;;;;;;;;;;;;;;
01/03/2024 07:00:00 AM;510;-0,6;0;7,6;;;;;;;;;;;;;;;;
01/03/2024 08:00:00 AM;809;0;0;11,2;;;;;;;;;;;;;;;;
01/03/2024 09:00:00 AM;870;0;0;11,2;;;;;;;;;;;;;;;;
01/03/2024 10:00:00 AM;845;-0,6;0;5,4;;;;;;;;;;;;;;;;
01/03/2024 11:00:00 AM;873;0;0;5,4;;;;;;;;;;;;;;;;
01/03/2024 12:00:00 PM;859;0;0;11,2;;;;;;;;;;;;;;;;
01/03/2024 01:00:00 PM;930;0;0;11,2;;;;;;;;;;;;;;;;
01/03/2024 02:00:00 PM;939;0,6;0;9,4;;;;;;;;;;;;;;;;
01/03/2024 03:00:00 PM;947;0,6;0;9,4;;;;;;;;;;;;;;;;
01/03/2024 04:00:00 PM;1021;0,6;0;9,4;;;;;;;;;;;;;;;;
01/03/2024 05:00:00 PM;981;0,6;0;18,4;;;;;;;;;;;;;;;;
01/03/2024 06:00:00 PM;822;1,1;0;14,8;;;;;;;;;;;;;;;;
01/03/2024 07:00:00 PM;698;1,1;0;14,8;;;;;;;;;;;;;;;;
01/03/2024 08:00:00 PM;589;2,2;0;14,8;;;;;;;;;;;;;;;;
01/03/2024 09:00:00 PM;376;2,2;0;14,8;;;;;;;;;;;;;;;;
01/03/2024 10:00:00 PM;250;2,2;0;9,4;;;;;;;;;;;;;;;;
01/03/2024 11:00:00 PM;250;1,7;0;13;;;;;;;;;;;;;;;;
01/04/2024 12:00:00 AM;242;1,7;0;7,6;;;;;;;;;;;;;;;;
01/04/2024 01:00:00 AM;112;1,7;0;16,6;;;;;;;;;;;;;;;;
01/04/2024 02:00:00 AM;45;1,1;0;14,8;;;;;;;;;;;;;;;;
01/04/2024 03:00:00 AM;34;1,1;0;13;;;;;;;;;;;;;;;;
01/04/2024 04:00:00 AM;47;1,1;0;13;;;;;;;;;;;;;;;;
01/04/2024 05:00:00 AM;125;1,1;0;11,2;;;;;;;;;;;;;;;;
01/04/2024 06:00:00 AM;252;0,6;0;18,4;;;;;;;;;;;;;;;;
01/04/2024 07:00:00 AM;513;0;0;14,8;;;;;;;;;;;;;;;;
01/04/2024 08:00:00 AM;768;-1,7;0;11,2;;;;;;;;;;;;;;;;
01/04/2024 09:00:00 AM;851;-1,7;0;11,2;;;;;;;;;;;;;;;;
01/04/2024 10:00:00 AM;790;-3,3;0;13;;;;;;;;;;;;;;;;
01/04/2024 11:00:00 AM;829;-3,9;0;9,4;;;;;;;;;;;;;;;;
01/04/2024 12:00:00 PM;927;-3,3;0;9,4;;;;;;;;;;;;;;;;
01/04/2024 01:00:00 PM;1007;-2,8;0;9,4;;;;;;;;;;;;;;;;
01/04/2024 02:00:00 PM;994;-2,8;0;9,4;;;;;;;;;;;;;;;;
01/04/2024 03:00:00 PM;1024;-0,6;0;7,6;;;;;;;;;;;;;;;;
01/04/2024 04:00:00 PM;986;0,6;0;0;;;;;;;;;;;;;;;;
01/04/2024 05:00:00 PM;1074;1,1;0;5,4;;;;;;;;;;;;;;;;
01/04/2024 06:00:00 PM;844;1,1;0;5,4;;;;;;;;;;;;;;;;
01/04/2024 07:00:00 PM;758;1,7;0;7,6;;;;;;;;;;;;;;;;
01/04/2024 08:00:00 PM;644;1,7;0;5,4;;;;;;;;;;;;;;;;
01/04/2024 09:00:00 PM;376;1,7;0;11,2;;;;;;;;;;;;;;;;
01/04/2024 10:00:00 PM;328;1,7;0;11,2;;;;;;;;;;;;;;;;
01/04/2024 11:00:00 PM;255;0,6;0;9,4;;;;;;;;;;;;;;;;
01/05/2024 12:00:00 AM;187;-0,6;0;0;;;;;;;;;;;;;;;;
01/05/2024 01:00:00 AM;90;-0,6;0;5,4;;;;;;;;;;;;;;;;
01/05/2024 02:00:00 AM;59;-0,6;0;5,4;;;;;;;;;;;;;;;;
01/05/2024 03:00:00 AM;51;0;0;0;;;;;;;;;;;;;;;;
01/05/2024 04:00:00 AM;63;0;0;0;;;;;;;;;;;;;;;;
01/05/2024 05:00:00 AM;101;-0,6;0;0;;;;;;;;;;;;;;;;
01/05/2024 06:00:00 AM;212;-1,7;0;0;;;;;;;;;;;;;;;;
01/05/2024 07:00:00 AM;403;-2,2;0;7,6;;;;;;;;;;;;;;;;
01/05/2024 08:00:00 AM;626;-2,2;0;7,6;;;;;;;;;;;;;;;;
01/05/2024 09:00:00 AM;739;-2,2;0;7,6;;;;;;;;;;;;;;;;
01/05/2024 10:00:00 AM;743;-2,2;0;7,6;;;;;;;;;;;;;;;;
01/05/2024 11:00:00 AM;805;-2,2;0;9,4;;;;;;;;;;;;;;;;
01/05/2024 12:00:00 PM;828;-2,8;0;5,4;;;;;;;;;;;;;;;;
01/05/2024 01:00:00 PM;908;-2,8;0;11,2;;;;;;;;;;;;;;;;
01/05/2024 02:00:00 PM;916;-2,8;0;11,2;;;;;;;;;;;;;;;;
01/05/2024 03:00:00 PM;967;0;0;11,2;;;;;;;;;;;;;;;;
01/05/2024 04:00:00 PM;951;1,1;0;13;;;;;;;;;;;;;;;;
01/05/2024 05:00:00 PM;978;1,7;0;9,4;;;;;;;;;;;;;;;;
01/05/2024 06:00:00 PM;816;1,7;0;9,4;;;;;;;;;;;;;;;;
01/05/2024 07:00:00 PM;782;2,8;0;11,2;;;;;;;;;;;;;;;;
01/05/2024 08:00:00 PM;623;2,2;0;11,2;;;;;;;;;;;;;;;;
01/05/2024 09:00:00 PM;434;1,7;0;7,6;;;;;;;;;;;;;;;;
01/05/2024 10:00:00 PM;388;1,1;0;9,4;;;;;;;;;;;;;;;;
01/05/2024 11:00:00 PM;283;1,1;0;9,4;;;;;;;;;;;;;;;;
01/06/2024 12:00:00 AM;227;1,1;0;13;;;;;;;;;;;;;;;;
01/06/2024 01:00:00 AM;169;1,1;0;16,6;;;;;;;;;;;;;;;;
01/06/2024 02:00:00 AM;89;1,1;0;16,6;;;;;;;;;;;;;;;;
01/06/2024 03:00:00 AM;71;1,1;0;16,6;;;;;;;;;;;;;;;;
01/06/2024 04:00:00 AM;70;1,1;0;18,4;;;;;;;;;;;;;;;;
01/06/2024 05:00:00 AM;68;1,1;0;18,4;;;;;;;;;;;;;;;;
01/06/2024 06:00:00 AM;123;-0,6;0,3;11,2;;;;;;;;;;;;;;;;
01/06/2024 07:00:00 AM;172;-0,6;1;11,2;;;;;;;;;;;;;;;;
01/06/2024 08:00:00 AM;230;-0,6;0,5;11,2;;;;;;;;;;;;;;;;
01/06/2024 09:00:00 AM;414;0;0,5;13;;;;;;;;;;;;;;;;
01/06/2024 10:00:00 AM;531;0;0,3;11,2;;;;;;;;;;;;;;;;
01/06/2024 11:00:00 AM;545;-0,6;0,5;7,6;;;;;;;;;;;;;;;;
01/06/2024 12:00:00 PM;586;-0,6;0,5;7,6;;;;;;;;;;;;;;;;
01/06/2024 01:00:00 PM;589;0;0,3;11,2;;;;;;;;;;;;;;;;
01/06/2024 02:00:00 PM;637;0;0,2;9,4;;;;;;;;;;;;;;;;
01/06/2024 03:00:00 PM;654;0;0,2;5,4;;;;;;;;;;;;;;;;
01/06/2024 04:00:00 PM;647;0;0,3;5,4;;;;;;;;;;;;;;;;
01/06/2024 05:00:00 PM;647;0;0;5,4;;;;;;;;;;;;;;;;
01/06/2024 06:00:00 PM;586;0;0,3;5,4;;;;;;;;;;;;;;;;
01/06/2024 07:00:00 PM;610;0,6;0,3;5,4;;;;;;;;;;;;;;;;
01/06/2024 08:00:00 PM;504;0,6;0,3;0;;;;;;;;;;;;;;;;
01/06/2024 09:00:00 PM;408;0,6;0;5,4;;;;;;;;;;;;;;;;
01/06/2024 10:00:00 PM;397;0,6;0;5,4;;;;;;;;;;;;;;;;
01/06/2024 11:00:00 PM;316;0,6;0;5,4;;;;;;;;;;;;;;;;
01/07/2024 12:00:00 AM;269;0,6;0;0;;;;;;;;;;;;;;;;
01/07/2024 01:00:00 AM;235;0,6;0;5,4;;;;;;;;;;;;;;;;
01/07/2024 02:00:00 AM;148;0,6;0,3;5,4;;;;;;;;;;;;;;;;
01/07/2024 03:00:00 AM;80;0,6;0,1;5,4;;;;;;;;;;;;;;;;
01/07/2024 04:00:00 AM;75;0;0;7,6;;;;;;;;;;;;;;;;
01/07/2024 05:00:00 AM;77;0;0,3;7,6;;;;;;;;;;;;;;;;
01/07/2024 06:00:00 AM;147;0;0,3;11,2;;;;;;;;;;;;;;;;
01/07/2024 07:00:00 AM;200;0;0,3;11,2;;;;;;;;;;;;;;;;
01/07/2024 08:00:00 AM;250;0;0,3;11,2;;;;;;;;;;;;;;;;
01/07/2024 09:00:00 AM;400;-0,6;0;13;;;;;;;;;;;;;;;;
01/07/2024 10:00:00 AM;449;-0,6;0;13;;;;;;;;;;;;;;;;
01/07/2024 11:00:00 AM;504;-0,6;0;11,2;;;;;;;;;;;;;;;;
01/07/2024 12:00:00 PM;552;0;0;14,8;;;;;;;;;;;;;;;;
01/07/2024 01:00:00 PM;603;0;0;14,8;;;;;;;;;;;;;;;;
01/07/2024 02:00:00 PM;615;0;0;14,8;;;;;;;;;;;;;;;;
01/07/2024 03:00:00 PM;599;0;0;16,6;;;;;;;;;;;;;;;;
01/07/2024 04:00:00 PM;548;0;0;16,6;;;;;;;;;;;;;;;;
01/07/2024 05:00:00 PM;531;0,6;0;11,2;;;;;;;;;;;;;;;;
01/07/2024 06:00:00 PM;548;0,6;0;16,6;;;;;;;;;;;;;;;;
01/07/2024 07:00:00 PM;513;0,6;0;18,4;;;;;;;;;;;;;;;;
01/07/2024 08:00:00 PM;493;1,1;0;14,8;;;;;;;;;;;;;;;;
01/07/2024 09:00:00 PM;458;1,1;0;11,2;;;;;;;;;;;;;;;;
01/07/2024 10:00:00 PM;260;1,1;0;11,2;;;;;;;;;;;;;;;;
01/07/2024 11:00:00 PM;232;0,6;0;11,2;;;;;;;;;;;;;;;;
01/08/2024 12:00:00 AM;239;0,6;0;5,4;;;;;;;;;;;;;;;;
01/08/2024 01:00:00 AM;111;0,6;0;7,6;;;;;;;;;;;;;;;;
01/08/2024 02:00:00 AM;53;0,6;0;9,4;;;;;;;;;;;;;;;;
01/08/2024 03:00:00 AM;48;0,6;0;9,4;;;;;;;;;;;;;;;;
01/08/2024 04:00:00 AM;63;0;0;11,2;;;;;;;;;;;;;;;;
01/08/2024 05:00:00 AM;161;-0,6;0;11,2;;;;;;;;;;;;;;;;
01/08/2024 06:00:00 AM;302;-0,6;0;9,4;;;;;;;;;;;;;;;;
01/08/2024 07:00:00 AM;577;-0,6;0;11,2;;;;;;;;;;;;;;;;
01/08/2024 08:00:00 AM;822;-0,6;0;11,2;;;;;;;;;;;;;;;;
01/08/2024 09:00:00 AM;932;-0,6;0;5,4;;;;;;;;;;;;;;;;
01/08/2024 10:00:00 AM;877;-0,6;0;5,4;;;;;;;;;;;;;;;;
01/08/2024 11:00:00 AM;889;-0,6;0;0;;;;;;;;;;;;;;;;
01/08/2024 12:00:00 PM;867;0;0;7,6;;;;;;;;;;;;;;;;
01/08/2024 01:00:00 PM;971;0;0;7,6;;;;;;;;;;;;;;;;
01/08/2024 02:00:00 PM;903;0,6;0;14,8;;;;;;;;;;;;;;;;
01/08/2024 03:00:00 PM;889;1,1;0;14,8;;;;;;;;;;;;;;;;
01/08/2024 04:00:00 PM;973;1,1;0;16,6;;;;;;;;;;;;;;;;
01/08/2024 05:00:00 PM;968;1,1;0;16,6;;;;;;;;;;;;;;;;
01/08/2024 06:00:00 PM;823;1,7;0;16,6;;;;;;;;;;;;;;;;
01/08/2024 07:00:00 PM;692;2,2;0;14,8;;;;;;;;;;;;;;;;
01/08/2024 08:00:00 PM;603;2,2;0;14,8;;;;;;;;;;;;;;;;
01/08/2024 09:00:00 PM;370;2,2;0;14,8;;;;;;;;;;;;;;;;
01/08/2024 10:00:00 PM;306;2,2;0;14,8;;;;;;;;;;;;;;;;
01/08/2024 11:00:00 PM;217;2,2;0;18,4;;;;;;;;;;;;;;;;
01/09/2024 12:00:00 AM;178;2,2;0;20,5;;;;;;;;;;;;;;;;
01/09/2024 01:00:00 AM;72;2,2;0;20,5;;;;;;;;;;;;;;;;
01/09/2024 02:00:00 AM;60;2,2;0;20,5;;;;;;;;;;;;;;;;
01/09/2024 03:00:00 AM;55;1,7;0;20,5;;;;;;;;;;;;;;;;
01/09/2024 04:00:00 AM;60;1,1;0,3;18,4;;;;;;;;;;;;;;;;
01/09/2024 05:00:00 AM;138;1,1;0,8;18,4;;;;;;;;;;;;;;;;
01/09/2024 06:00:00 AM;268;0,6;1;20,5;;;;;;;;;;;;;;;;
01/09/2024 07:00:00 AM;662;0,6;0,5;20,5;;;;;;;;;;;;;;;;
01/09/2024 08:00:00 AM;968;0,6;0,8;16,6;;;;;;;;;;;;;;;;
01/09/2024 09:00:00 AM;993;0,6;1,5;22,3;;;;;;;;;;;;;;;;
01/09/2024 10:00:00 AM;908;0,6;1,3;22,3;;;;;;;;;;;;;;;;
01/09/2024 11:00:00 AM;894;1,1;0,8;20,5;;;;;;;;;;;;;;;;
01/09/2024 12:00:00 PM;904;1,1;1,3;16,6;;;;;;;;;;;;;;;;
01/09/2024 01:00:00 PM;984;1,1;0,8;24,1;;;;;;;;;;;;;;;;
01/09/2024 02:00:00 PM;938;1,7;0,5;18,4;;;;;;;;;;;;;;;;
01/09/2024 03:00:00 PM;980;1,7;1,7;22,3;;;;;;;;;;;;;;;;
01/09/2024 04:00:00 PM;1020;1,7;1,5;22,3;;;;;;;;;;;;;;;;
01/09/2024 05:00:00 PM;1045;2,2;1,5;16,6;;;;;;;;;;;;;;;;
01/09/2024 06:00:00 PM;834;2,2;0,2;20,5;;;;;;;;;;;;;;;;
01/09/2024 07:00:00 PM;636;0,6;2;20,5;;;;;;;;;;;;;;;;
01/09/2024 08:00:00 PM;563;0,6;3,3;18,4;;;;;;;;;;;;;;;;
01/09/2024 09:00:00 PM;513;0,6;1,8;18,4;;;;;;;;;;;;;;;;
01/09/2024 10:00:00 PM;460;0,6;2,8;20,5;;;;;;;;;;;;;;;;
01/09/2024 11:00:00 PM;242;0,6;1,5;22,3;;;;;;;;;;;;;;;;
01/10/2024 12:00:00 AM;177;0,6;0,5;18,4;;;;;;;;;;;;;;;;
01/10/2024 01:00:00 AM;98;1,1;0,6;20,5;;;;;;;;;;;;;;;;
01/10/2024 02:00:00 AM;52;1,1;0,3;20,5;;;;;;;;;;;;;;;;
01/10/2024 03:00:00 AM;58;1,1;0,8;25,9;;;;;;;;;;;;;;;;
01/10/2024 04:00:00 AM;78;1,1;0,9;24,1;;;;;;;;;;;;;;;;
01/10/2024 05:00:00 AM;144;1,1;0,2;27,7;;;;;;;;;;;;;;;;
01/10/2024 06:00:00 AM;260;1,1;0,1;27,7;;;;;;;;;;;;;;;;
01/10/2024 07:00:00 AM;664;1,1;0;29,5;;;;;;;;;;;;;;;;
01/10/2024 08:00:00 AM;1085;1,1;0;20,5;;;;;;;;;;;;;;;;
01/10/2024 09:00:00 AM;1067;1,1;0;24,1;;;;;;;;;;;;;;;;
01/10/2024 10:00:00 AM;896;0,6;0;24,1;;;;;;;;;;;;;;;;
01/10/2024 11:00:00 AM;895;0,6;0;20,5;;;;;;;;;;;;;;;;
01/10/2024 12:00:00 PM;947;0,6;0;20,5;;;;;;;;;;;;;;;;
01/10/2024 01:00:00 PM;1084;0,6;0;16,6;;;;;;;;;;;;;;;;
01/10/2024 02:00:00 PM;1032;0,6;0;16,6;;;;;;;;;;;;;;;;
01/10/2024 03:00:00 PM;1035;0,6;0;18,4;;;;;;;;;;;;;;;;
01/10/2024 04:00:00 PM;1119;0,6;0;20,5;;;;;;;;;;;;;;;;
01/10/2024 05:00:00 PM;1156;0;0;25,9;;;;;;;;;;;;;;;;
01/10/2024 06:00:00 PM;962;-0,6;0;22,3;;;;;;;;;;;;;;;;
01/10/2024 07:00:00 PM;909;-0,6;0;20,5;;;;;;;;;;;;;;;;
01/10/2024 08:00:00 PM;699;-1,1;0;14,8;;;;;;;;;;;;;;;;
01/10/2024 09:00:00 PM;499;-1,1;0;14,8;;;;;;;;;;;;;;;;
01/10/2024 10:00:00 PM;326;-1,1;0;16,6;;;;;;;;;;;;;;;;
01/10/2024 11:00:00 PM;246;-1,1;0;16,6;;;;;;;;;;;;;;;;
01/11/2024 12:00:00 AM;152;-1,1;0;16,6;;;;;;;;;;;;;;;;
01/11/2024 01:00:00 AM;71;-0,6;0;20,5;;;;;;;;;;;;;;;;
01/11/2024 02:00:00 AM;54;-0,6;0;20,5;;;;;;;;;;;;;;;;
01/11/2024 03:00:00 AM;41;-1,1;0;14,8;;;;;;;;;;;;;;;;
01/11/2024 04:00:00 AM;72;-0,6;0;13;;;;;;;;;;;;;;;;
01/11/2024 05:00:00 AM;141;0;0;14,8;;;;;;;;;;;;;;;;
01/11/2024 06:00:00 AM;287;0;0;14,8;;;;;;;;;;;;;;;;
01/11/2024 07:00:00 AM;662;0;0,2;16,6;;;;;;;;;;;;;;;;
01/11/2024 08:00:00 AM;1069;0,6;0,3;9,4;;;;;;;;;;;;;;;;
01/11/2024 09:00:00 AM;1124;0,6;0;9,4;;;;;;;;;;;;;;;;
01/11/2024 10:00:00 AM;973;0,6;0;13;;;;;;;;;;;;;;;;
01/11/2024 11:00:00 AM;1031;1,1;0;20,5;;;;;;;;;;;;;;;;
01/11/2024 12:00:00 PM;980;1,1;0;20,5;;;;;;;;;;;;;;;;
01/11/2024 01:00:00 PM;1006;0;0;18,4;;;;;;;;;;;;;;;;
01/11/2024 02:00:00 PM;1063;-0,6;0;24,1;;;;;;;;;;;;;;;;
01/11/2024 03:00:00 PM;1144;-0,6;0;24,1;;;;;;;;;;;;;;;;
01/11/2024 04:00:00 PM;1242;-0,6;0;25,9;;;;;;;;;;;;;;;;
01/11/2024 05:00:00 PM;1328;-1,1;0;13;;;;;;;;;;;;;;;;
01/11/2024 06:00:00 PM;1131;-1,1;0;13;;;;;;;;;;;;;;;;
01/11/2024 07:00:00 PM;1054;0;0;18,4;;;;;;;;;;;;;;;;
01/11/2024 08:00:00 PM;864;-0,6;0;13;;;;;;;;;;;;;;;;
01/11/2024 09:00:00 PM;524;-0,6;0;13;;;;;;;;;;;;;;;;
01/11/2024 10:00:00 PM;426;-1,7;0;7,6;;;;;;;;;;;;;;;;
01/11/2024 11:00:00 PM;309;-2,2;0;7,6;;;;;;;;;;;;;;;;
01/12/2024 12:00:00 AM;196;-2,2;0;0;;;;;;;;;;;;;;;;
01/12/2024 01:00:00 AM;91;-2,8;0;5,4;;;;;;;;;;;;;;;;
01/12/2024 02:00:00 AM;60;-2,8;0;5,4;;;;;;;;;;;;;;;;
01/12/2024 03:00:00 AM;66;-2,2;0;11,2;;;;;;;;;;;;;;;;
01/12/2024 04:00:00 AM;66;-1,7;0;7,6;;;;;;;;;;;;;;;;
01/12/2024 05:00:00 AM;139;-1,1;0;11,2;;;;;;;;;;;;;;;;
01/12/2024 06:00:00 AM;267;-1,1;0;11,2;;;;;;;;;;;;;;;;
01/12/2024 07:00:00 AM;378;0;0;16,6;;;;;;;;;;;;;;;;
01/12/2024 08:00:00 AM;466;0,6;0;20,5;;;;;;;;;;;;;;;;
01/12/2024 09:00:00 AM;571;0,6;0;20,5;;;;;;;;;;;;;;;;
01/12/2024 10:00:00 AM;578;0,6;0,3;16,6;;;;;;;;;;;;;;;;
01/12/2024 11:00:00 AM;636;0,6;0,3;24,1;;;;;;;;;;;;;;;;
01/12/2024 12:00:00 PM;657;0,6;2,5;24,1;;;;;;;;;;;;;;;;
01/12/2024 01:00:00 PM;778;0;3,6;33,5;;;;;;;;;;;;;;;;
01/12/2024 02:00:00 PM;802;0,6;0,2;42,5;;;;;;;;;;;;;;;;
01/12/2024 03:00:00 PM;858;1,1;0,3;31,7;;;;;;;;;;;;;;;;
01/12/2024 04:00:00 PM;739;1,1;0,8;31,7;;;;;;;;;;;;;;;;
01/12/2024 05:00:00 PM;651;1,7;2,4;25,9;;;;;;;;;;;;;;;;
01/12/2024 06:00:00 PM;678;1,7;0,8;18,4;;;;;;;;;;;;;;;;
01/12/2024 07:00:00 PM;535;1,7;0,8;18,4;;;;;;;;;;;;;;;;
01/12/2024 08:00:00 PM;438;1,7;1;18,4;;;;;;;;;;;;;;;;
01/12/2024 09:00:00 PM;365;1,7;1,3;14,8;;;;;;;;;;;;;;;;
01/12/2024 10:00:00 PM;343;1,1;3;18,4;;;;;;;;;;;;;;;;
01/12/2024 11:00:00 PM;247;1,1;2;9,4;;;;;;;;;;;;;;;;
01/13/2024 12:00:00 AM;205;0,6;0,8;14,8;;;;;;;;;;;;;;;;
01/13/2024 01:00:00 AM;141;1,1;0,2;16,6;;;;;;;;;;;;;;;;
01/13/2024 02:00:00 AM;86;1,1;0;16,6;;;;;;;;;;;;;;;;
01/13/2024 03:00:00 AM;85;1,1;0;16,6;;;;;;;;;;;;;;;;
01/13/2024 04:00:00 AM;64;1,1;0;18,4;;;;;;;;;;;;;;;;
01/13/2024 05:00:00 AM;90;0,6;0,1;22,3;;;;;;;;;;;;;;;;
01/13/2024 06:00:00 AM;140;0,6;0,8;22,3;;;;;;;;;;;;;;;;
01/13/2024 07:00:00 AM;166;-2,2;0,5;27,7;;;;;;;;;;;;;;;;
01/13/2024 08:00:00 AM;238;-2,8;0,5;27,7;;;;;;;;;;;;;;;;
01/13/2024 09:00:00 AM;376;-2,8;0,3;29,5;;;;;;;;;;;;;;;;
01/13/2024 10:00:00 AM;471;-2,8;0,3;29,5;;;;;;;;;;;;;;;;
01/13/2024 11:00:00 AM;503;-2,8;0,3;22,3;;;;;;;;;;;;;;;;
01/13/2024 12:00:00 PM;598;-2,8;0,3;18,4;;;;;;;;;;;;;;;;
01/13/2024 01:00:00 PM;613;-2,8;0,3;18,4;;;;;;;;;;;;;;;;
01/13/2024 02:00:00 PM;600;-3,9;0,1;24,1;;;;;;;;;;;;;;;;
01/13/2024 03:00:00 PM;646;-4,4;0;25,9;;;;;;;;;;;;;;;;
01/13/2024 04:00:00 PM;634;-4,4;0;29,5;;;;;;;;;;;;;;;;
01/13/2024 05:00:00 PM;620;-5,6;0;24,1;;;;;;;;;;;;;;;;
01/13/2024 06:00:00 PM;834;-6,1;0;31,7;;;;;;;;;;;;;;;;
01/13/2024 07:00:00 PM;631;-6,7;0;29,5;;;;;;;;;;;;;;;;
01/13/2024 08:00:00 PM;465;-7,8;0;22,3;;;;;;;;;;;;;;;;
01/13/2024 09:00:00 PM;455;-7,8;0;22,3;;;;;;;;;;;;;;;;
01/13/2024 10:00:00 PM;574;-10,6;0;29,5;;;;;;;;;;;;;;;;
01/13/2024 11:00:00 PM;441;-10,6;0;29,5;;;;;;;;;;;;;;;;
01/14/2024 12:00:00 AM;339;-12,2;0;22,3;;;;;;;;;;;;;;;;
01/14/2024 01:00:00 AM;246;-12,8;0,2;24,1;;;;;;;;;;;;;;;;
01/14/2024 02:00:00 AM;140;-14,4;0,2;20,5;;;;;;;;;;;;;;;;
01/14/2024 03:00:00 AM;88;-14,4;0,2;20,5;;;;;;;;;;;;;;;;
01/14/2024 04:00:00 AM;70;-15;0,2;27,7;;;;;;;;;;;;;;;;
01/14/2024 05:00:00 AM;58;-16,7;0,2;35,3;;;;;;;;;;;;;;;;
01/14/2024 06:00:00 AM;134;-17,2;0,2;37,1;;;;;;;;;;;;;;;;
01/14/2024 07:00:00 AM;195;-18,3;0,2;25,9;;;;;;;;;;;;;;;;
01/14/2024 08:00:00 AM;231;-18,9;0;25,9;;;;;;;;;;;;;;;;
01/14/2024 09:00:00 AM;305;-18,9;0;35,3;;;;;;;;;;;;;;;;
01/14/2024 10:00:00 AM;450;-20,6;0;27,7;;;;;;;;;;;;;;;;
01/14/2024 11:00:00 AM;525;-20,6;0;31,7;;;;;;;;;;;;;;;;
01/14/2024 12:00:00 PM;527;-22,8;0;25,9;;;;;;;;;;;;;;;;
01/14/2024 01:00:00 PM;465;-23,3;0;25,9;;;;;;;;;;;;;;;;
01/14/2024 02:00:00 PM;514;-23,3;0;24,1;;;;;;;;;;;;;;;;
01/14/2024 03:00:00 PM;518;-22,8;0;24,1;;;;;;;;;;;;;;;;
01/14/2024 04:00:00 PM;533;-22,8;0;24,1;;;;;;;;;;;;;;;;
01/14/2024 05:00:00 PM;509;-22,2;0;27,7;;;;;;;;;;;;;;;;
01/14/2024 06:00:00 PM;511;-21,7;0;33,5;;;;;;;;;;;;;;;;
01/14/2024 07:00:00 PM;459;-21,7;0;25,9;;;;;;;;;;;;;;;;
01/14/2024 08:00:00 PM;409;-21,7;0;25,9;;;;;;;;;;;;;;;;
01/14/2024 09:00:00 PM;416;-21,1;0;27,7;;;;;;;;;;;;;;;;
01/14/2024 10:00:00 PM;466;-22,2;0;27,7;;;;;;;;;;;;;;;;
01/14/2024 11:00:00 PM;428;-22,8;0;22,3;;;;;;;;;;;;;;;;
01/15/2024 12:00:00 AM;332;-22,8;0;22,3;;;;;;;;;;;;;;;;
01/15/2024 01:00:00 AM;241;-22,8;0;22,3;;;;;;;;;;;;;;;;
01/15/2024 02:00:00 AM;137;-22,8;0;18,4;;;;;;;;;;;;;;;;
01/15/2024 03:00:00 AM;81;-22,8;0;18,4;;;;;;;;;;;;;;;;
01/15/2024 04:00:00 AM;60;-22,8;0;16,6;;;;;;;;;;;;;;;;
01/15/2024 05:00:00 AM;117;-23,3;0;22,3;;;;;;;;;;;;;;;;
01/15/2024 06:00:00 AM;191;-23,3;0;22,3;;;;;;;;;;;;;;;;
01/15/2024 07:00:00 AM;312;-23,3;0;24,1;;;;;;;;;;;;;;;;
01/15/2024 08:00:00 AM;416;-23,3;0;20,5;;;;;;;;;;;;;;;;
01/15/2024 09:00:00 AM;553;-23,3;0;18,4;;;;;;;;;;;;;;;;
01/15/2024 10:00:00 AM;605;-23,3;0;20,5;;;;;;;;;;;;;;;;
01/15/2024 11:00:00 AM;655;-23,3;0;20,5;;;;;;;;;;;;;;;;
01/15/2024 12:00:00 PM;648;-22,8;0;13;;;;;;;;;;;;;;;;
01/15/2024 01:00:00 PM;649;-22,8;0;14,8;;;;;;;;;;;;;;;;
01/15/2024 02:00:00 PM;702;-22,2;0;16,6;;;;;;;;;;;;;;;;
01/15/2024 03:00:00 PM;759;-21,1;0;16,6;;;;;;;;;;;;;;;;
01/15/2024 04:00:00 PM;755;-21,1;0;16,6;;;;;;;;;;;;;;;;
01/15/2024 05:00:00 PM;773;-19,4;0;20,5;;;;;;;;;;;;;;;;
01/15/2024 06:00:00 PM;631;-18,9;0;16,6;;;;;;;;;;;;;;;;
01/15/2024 07:00:00 PM;618;-17,8;0;14,8;;;;;;;;;;;;;;;;
01/15/2024 08:00:00 PM;568;-17,8;0;14,8;;;;;;;;;;;;;;;;
01/15/2024 09:00:00 PM;527;-17,8;0;20,5;;;;;;;;;;;;;;;;
01/15/2024 10:00:00 PM;426;-18,9;0;18,4;;;;;;;;;;;;;;;;
01/15/2024 11:00:00 PM;299;-18,9;0;13;;;;;;;;;;;;;;;;
01/16/2024 12:00:00 AM;221;-18,9;0;20,5;;;;;;;;;;;;;;;;
01/16/2024 01:00:00 AM;193;-18,9;0;20,5;;;;;;;;;;;;;;;;
01/16/2024 02:00:00 AM;128;-18,3;0;16,6;;;;;;;;;;;;;;;;
01/16/2024 03:00:00 AM;89;-18,3;0;18,4;;;;;;;;;;;;;;;;
01/16/2024 04:00:00 AM;61;-18,3;0;16,6;;;;;;;;;;;;;;;;
01/16/2024 05:00:00 AM;148;-17,8;0;18,4;;;;;;;;;;;;;;;;
01/16/2024 06:00:00 AM;314;-17,8;0;18,4;;;;;;;;;;;;;;;;
01/16/2024 07:00:00 AM;582;-17,8;0;22,3;;;;;;;;;;;;;;;;
01/16/2024 08:00:00 AM;878;-18,3;0;24,1;;;;;;;;;;;;;;;;
01/16/2024 09:00:00 AM;892;-18,9;0;25,9;;;;;;;;;;;;;;;;
01/16/2024 10:00:00 AM;872;-18,9;0;25,9;;;;;;;;;;;;;;;;
01/16/2024 11:00:00 AM;823;-20,6;0;22,3;;;;;;;;;;;;;;;;
01/16/2024 12:00:00 PM;867;-21,1;0;20,5;;;;;;;;;;;;;;;;
01/16/2024 01:00:00 PM;805;-21,1;0;20,5;;;;;;;;;;;;;;;;
01/16/2024 02:00:00 PM;844;-20,6;0;20,5;;;;;;;;;;;;;;;;
01/16/2024 03:00:00 PM;889;-20,6;0;20,5;;;;;;;;;;;;;;;;
01/16/2024 04:00:00 PM;948;-18,9;0;25,9;;;;;;;;;;;;;;;;
01/16/2024 05:00:00 PM;1064;-17,8;0;29,5;;;;;;;;;;;;;;;;
01/16/2024 06:00:00 PM;881;-17,2;0;35,3;;;;;;;;;;;;;;;;
01/16/2024 07:00:00 PM;725;-16,7;0;35,3;;;;;;;;;;;;;;;;
01/16/2024 08:00:00 PM;579;-16,7;0;31,7;;;;;;;;;;;;;;;;
01/16/2024 09:00:00 PM;394;-16,7;0;33,5;;;;;;;;;;;;;;;;
01/16/2024 10:00:00 PM;369;-17,2;0;25,9;;;;;;;;;;;;;;;;
01/16/2024 11:00:00 PM;293;-17,2;0;27,7;;;;;;;;;;;;;;;;
01/17/2024 12:00:00 AM;207;-16,7;0;25,9;;;;;;;;;;;;;;;;
01/17/2024 01:00:00 AM;146;-16,7;0;25,9;;;;;;;;;;;;;;;;
01/17/2024 02:00:00 AM;67;-16,7;0;29,5;;;;;;;;;;;;;;;;
01/17/2024 03:00:00 AM;54;-16,7;0;29,5;;;;;;;;;;;;;;;;
01/17/2024 04:00:00 AM;65;-16,1;0;24,1;;;;;;;;;;;;;;;;
01/17/2024 05:00:00 AM;143;-16,1;0;31,7;;;;;;;;;;;;;;;;
01/17/2024 06:00:00 AM;327;-16,1;0;22,3;;;;;;;;;;;;;;;;
01/17/2024 07:00:00 AM;775;-16,1;0;22,3;;;;;;;;;;;;;;;;
01/17/2024 08:00:00 AM;1193;-16,1;0;22,3;;;;;;;;;;;;;;;;
01/17/2024 09:00:00 AM;1178;-16,1;0;20,5;;;;;;;;;;;;;;;;
01/17/2024 10:00:00 AM;1026;-16,1;0;20,5;;;;;;;;;;;;;;;;
01/17/2024 11:00:00 AM;912;-15,6;0;24,1;;;;;;;;;;;;;;;;
01/17/2024 12:00:00 PM;950;-15;0;24,1;;;;;;;;;;;;;;;;
01/17/2024 01:00:00 PM;1004;-14,4;0;24,1;;;;;;;;;;;;;;;;
01/17/2024 02:00:00 PM;1013;-14,4;0;24,1;;;;;;;;;;;;;;;;
01/17/2024 03:00:00 PM;1149;-12,2;0;20,5;;;;;;;;;;;;;;;;
01/17/2024 04:00:00 PM;1232;-11,1;0;25,9;;;;;;;;;;;;;;;;
01/17/2024 05:00:00 PM;1370;-10;0;22,3;;;;;;;;;;;;;;;;
01/17/2024 06:00:00 PM;1096;-9,4;0;24,1;;;;;;;;;;;;;;;;
01/17/2024 07:00:00 PM;881;-9,4;0;24,1;;;;;;;;;;;;;;;;
01/17/2024 08:00:00 PM;674;-8,3;0;24,1;;;;;;;;;;;;;;;;
01/17/2024 09:00:00 PM;545;-8,3;0;24,1;;;;;;;;;;;;;;;;
01/17/2024 10:00:00 PM;330;-8,9;0;22,3;;;;;;;;;;;;;;;;
01/17/2024 11:00:00 PM;287;-8,9;0;16,6;;;;;;;;;;;;;;;;
01/18/2024 12:00:00 AM;190;-8,9;0;16,6;;;;;;;;;;;;;;;;
01/18/2024 01:00:00 AM;59;-7,8;0;14,8;;;;;;;;;;;;;;;;
01/18/2024 02:00:00 AM;29;-7,2;0;16,6;;;;;;;;;;;;;;;;
01/18/2024 03:00:00 AM;34;-6,7;0;11,2;;;;;;;;;;;;;;;;
01/18/2024 04:00:00 AM;44;-6,7;0;18,4;;;;;;;;;;;;;;;;
01/18/2024 05:00:00 AM;140;-6,7;0;18,4;;;;;;;;;;;;;;;;
01/18/2024 06:00:00 AM;333;-6,7;0;7,6;;;;;;;;;;;;;;;;
01/18/2024 07:00:00 AM;674;-7,2;0,2;7,6;;;;;;;;;;;;;;;;
01/18/2024 08:00:00 AM;1058;-7,2;0,3;7,6;;;;;;;;;;;;;;;;
01/18/2024 09:00:00 AM;1085;-7,2;0,3;7,6;;;;;;;;;;;;;;;;
01/18/2024 10:00:00 AM;940;-7,2;0;7,6;;;;;;;;;;;;;;;;
01/18/2024 11:00:00 AM;946;-7,2;0;7,6;;;;;;;;;;;;;;;;
01/18/2024 12:00:00 PM;944;-7,2;0;7,6;;;;;;;;;;;;;;;;
01/18/2024 01:00:00 PM;947;-6,7;0;0;;;;;;;;;;;;;;;;
01/18/2024 02:00:00 PM;1048;-6,7;0;0;;;;;;;;;;;;;;;;
01/18/2024 03:00:00 PM;1215;-7,8;0;9,4;;;;;;;;;;;;;;;;
01/18/2024 04:00:00 PM;1230;-6,1;0;0;;;;;;;;;;;;;;;;
01/18/2024 05:00:00 PM;1344;-3,9;0;5,4;;;;;;;;;;;;;;;;
01/18/2024 06:00:00 PM;1172;-3,9;0;7,6;;;;;;;;;;;;;;;;
01/18/2024 07:00:00 PM;1062;-3,9;0;7,6;;;;;;;;;;;;;;;;
01/18/2024 08:00:00 PM;832;-4,4;0;14,8;;;;;;;;;;;;;;;;
01/18/2024 09:00:00 PM;604;-5;0;13;;;;;;;;;;;;;;;;
01/18/2024 10:00:00 PM;494;-6,1;0;16,6;;;;;;;;;;;;;;;;
01/18/2024 11:00:00 PM;353;-6,7;0;18,4;;;;;;;;;;;;;;;;
01/19/2024 12:00:00 AM;229;-6,7;0;18,4;;;;;;;;;;;;;;;;
01/19/2024 01:00:00 AM;86;-8,9;0;14,8;;;;;;;;;;;;;;;;
01/19/2024 02:00:00 AM;37;-9,4;0;16,6;;;;;;;;;;;;;;;;
01/19/2024 03:00:00 AM;39;-10,6;0,2;14,8;;;;;;;;;;;;;;;;
01/19/2024 04:00:00 AM;55;-11,1;0,3;14,8;;;;;;;;;;;;;;;;
01/19/2024 05:00:00 AM;148;-11,1;0,3;14,8;;;;;;;;;;;;;;;;
01/19/2024 06:00:00 AM;306;-11,1;0,5;24,1;;;;;;;;;;;;;;;;
01/19/2024 07:00:00 AM;581;-11,1;0,3;18,4;;;;;;;;;;;;;;;;
01/19/2024 08:00:00 AM;850;-11,1;0,5;18,4;;;;;;;;;;;;;;;;
01/19/2024 09:00:00 AM;899;-11,7;0,4;24,1;;;;;;;;;;;;;;;;
01/19/2024 10:00:00 AM;784;-11,7;0,3;27,7;;;;;;;;;;;;;;;;
01/19/2024 11:00:00 AM;841;-11,7;0,1;22,3;;;;;;;;;;;;;;;;
01/19/2024 12:00:00 PM;925;-11,7;0,1;22,3;;;;;;;;;;;;;;;;
01/19/2024 01:00:00 PM;953;-12,2;0;24,1;;;;;;;;;;;;;;;;
01/19/2024 02:00:00 PM;929;-12,2;0;29,5;;;;;;;;;;;;;;;;
01/19/2024 03:00:00 PM;1128;-11,7;0;24,1;;;;;;;;;;;;;;;;
01/19/2024 04:00:00 PM;1186;-12,2;0;20,5;;;;;;;;;;;;;;;;
01/19/2024 05:00:00 PM;1327;-11,7;0;20,5;;;;;;;;;;;;;;;;
01/19/2024 06:00:00 PM;1298;-10,6;0;25,9;;;;;;;;;;;;;;;;
01/19/2024 07:00:00 PM;1125;-10,6;0;25,9;;;;;;;;;;;;;;;;
01/19/2024 08:00:00 PM;758;-11,1;0;25,9;;;;;;;;;;;;;;;;
01/19/2024 09:00:00 PM;649;-11,7;0;22,3;;;;;;;;;;;;;;;;
01/19/2024 10:00:00 PM;569;-11,7;0;22,3;;;;;;;;;;;;;;;;
01/19/2024 11:00:00 PM;500;-11,7;0;18,4;;;;;;;;;;;;;;;;
01/20/2024 12:00:00 AM;342;-11,7;0;18,4;;;;;;;;;;;;;;;;
01/20/2024 01:00:00 AM;226;-13,3;0;14,8;;;;;;;;;;;;;;;;
01/20/2024 02:00:00 AM;122;-13,3;0;24,1;;;;;;;;;;;;;;;;
01/20/2024 03:00:00 AM;74;-14,4;0;22,3;;;;;;;;;;;;;;;;
01/20/2024 04:00:00 AM;63;-14,4;0;22,3;;;;;;;;;;;;;;;;
01/20/2024 05:00:00 AM;77;-15;0;20,5;;;;;;;;;;;;;;;;
01/20/2024 06:00:00 AM;136;-15,6;0;20,5;;;;;;;;;;;;;;;;
01/20/2024 07:00:00 AM;184;-15;0;20,5;;;;;;;;;;;;;;;;
01/20/2024 08:00:00 AM;282;-13,9;0;20,5;;;;;;;;;;;;;;;;
01/20/2024 09:00:00 AM;420;-13,9;0;20,5;;;;;;;;;;;;;;;;
01/20/2024 10:00:00 AM;551;-13,3;0;18,4;;;;;;;;;;;;;;;;
01/20/2024 11:00:00 AM;616;-12,8;0;20,5;;;;;;;;;;;;;;;;
01/20/2024 12:00:00 PM;672;-13,9;0;16,6;;;;;;;;;;;;;;;;
01/20/2024 01:00:00 PM;762;-14,4;0;16,6;;;;;;;;;;;;;;;;
01/20/2024 02:00:00 PM;811;-14,4;0;16,6;;;;;;;;;;;;;;;;
01/20/2024 03:00:00 PM;811;-11,1;0;18,4;;;;;;;;;;;;;;;;
01/20/2024 04:00:00 PM;777;-10;0;14,8;;;;;;;;;;;;;;;;
01/20/2024 05:00:00 PM;867;-8,3;0;14,8;;;;;;;;;;;;;;;;
01/20/2024 06:00:00 PM;1007;-8,3;0;14,8;;;;;;;;;;;;;;;;
01/20/2024 07:00:00 PM;867;-7,8;0;18,4;;;;;;;;;;;;;;;;
01/20/2024 08:00:00 PM;631;-7,8;0;18,4;;;;;;;;;;;;;;;;
01/20/2024 09:00:00 PM;550;-8,3;0;16,6;;;;;;;;;;;;;;;;
01/20/2024 10:00:00 PM;535;-9,4;0;14,8;;;;;;;;;;;;;;;;
01/20/2024 11:00:00 PM;434;-10,6;0;13;;;;;;;;;;;;;;;;
01/21/2024 12:00:00 AM;323;-10,6;0;13;;;;;;;;;;;;;;;;
01/21/2024 01:00:00 AM;232;-12,8;0;11,2;;;;;;;;;;;;;;;;
01/21/2024 02:00:00 AM;167;-13,3;0;9,4;;;;;;;;;;;;;;;;
01/21/2024 03:00:00 AM;88;-13,9;0;11,2;;;;;;;;;;;;;;;;
01/21/2024 04:00:00 AM;97;-13,9;0;11,2;;;;;;;;;;;;;;;;
01/21/2024 05:00:00 AM;78;-15;0;11,2;;;;;;;;;;;;;;;;
01/21/2024 06:00:00 AM;149;-15;0;7,6;;;;;;;;;;;;;;;;
01/21/2024 07:00:00 AM;199;-15,6;0;7,6;;;;;;;;;;;;;;;;
01/21/2024 08:00:00 AM;335;-16,1;0;5,4;;;;;;;;;;;;;;;;
01/21/2024 09:00:00 AM;493;-16,1;0;5,4;;;;;;;;;;;;;;;;
01/21/2024 10:00:00 AM;636;-17,2;0;5,4;;;;;;;;;;;;;;;;
01/21/2024 11:00:00 AM;771;-17,2;0;5,4;;;;;;;;;;;;;;;;
01/21/2024 12:00:00 PM;843;-17,2;0;5,4;;;;;;;;;;;;;;;;
01/21/2024 01:00:00 PM;897;-16,7;0;11,2;;;;;;;;;;;;;;;;
01/21/2024 02:00:00 PM;958;-16,7;0;11,2;;;;;;;;;;;;;;;;
01/21/2024 03:00:00 PM;915;-11,7;0;18,4;;;;;;;;;;;;;;;;
01/21/2024 04:00:00 PM;938;-10;0;18,4;;;;;;;;;;;;;;;;
01/21/2024 05:00:00 PM;996;-8,9;0;18,4;;;;;;;;;;;;;;;;
01/21/2024 06:00:00 PM;1010;-8,9;0;18,4;;;;;;;;;;;;;;;;
01/21/2024 07:00:00 PM;886;-8,3;0;22,3;;;;;;;;;;;;;;;;
01/21/2024 08:00:00 PM;813;-7,2;0;22,3;;;;;;;;;;;;;;;;
01/21/2024 09:00:00 PM;588;-6,7;0;16,6;;;;;;;;;;;;;;;;
01/21/2024 10:00:00 PM;409;-7,2;0;16,6;;;;;;;;;;;;;;;;
01/21/2024 11:00:00 PM;339;-7,2;0;22,3;;;;;;;;;;;;;;;;
01/22/2024 12:00:00 AM;220;-6,7;0;20,5;;;;;;;;;;;;;;;;
01/22/2024 01:00:00 AM;116;-7,2;0;20,5;;;;;;;;;;;;;;;;
01/22/2024 02:00:00 AM;47;-7,2;0;20,5;;;;;;;;;;;;;;;;
01/22/2024 03:00:00 AM;48;-6,7;0;25,9;;;;;;;;;;;;;;;;
01/22/2024 04:00:00 AM;56;-6,7;0;22,3;;;;;;;;;;;;;;;;
01/22/2024 05:00:00 AM;160;-6,1;0;20,5;;;;;;;;;;;;;;;;
01/22/2024 06:00:00 AM;329;-5,6;0;24,1;;;;;;;;;;;;;;;;
01/22/2024 07:00:00 AM;702;-5;0;18,4;;;;;;;;;;;;;;;;
01/22/2024 08:00:00 AM;1210;-5;0;18,4;;;;;;;;;;;;;;;;
01/22/2024 09:00:00 AM;1292;-3,9;0;22,3;;;;;;;;;;;;;;;;
01/22/2024 10:00:00 AM;1175;-3,9;0;18,4;;;;;;;;;;;;;;;;
01/22/2024 11:00:00 AM;1130;-3,9;0;18,4;;;;;;;;;;;;;;;;
01/22/2024 12:00:00 PM;1170;-3,9;0;22,3;;;;;;;;;;;;;;;;
01/22/2024 01:00:00 PM;1179;-3,3;0;24,1;;;;;;;;;;;;;;;;
01/22/2024 02:00:00 PM;1209;-2,8;0;22,3;;;;;;;;;;;;;;;;
01/22/2024 03:00:00 PM;1220;-1,7;0,3;22,3;;;;;;;;;;;;;;;;
01/22/2024 04:00:00 PM;1326;-1,7;0;22,3;;;;;;;;;;;;;;;;
01/22/2024 05:00:00 PM;1415;-1,1;0;22,3;;;;;;;;;;;;;;;;
01/22/2024 06:00:00 PM;1359;-0,6;0;16,6;;;;;;;;;;;;;;;;
01/22/2024 07:00:00 PM;1210;0;0,2;22,3;;;;;;;;;;;;;;;;
01/22/2024 08:00:00 PM;857;0;0;20,5;;;;;;;;;;;;;;;;
01/22/2024 09:00:00 PM;606;0;0;20,5;;;;;;;;;;;;;;;;
01/22/2024 10:00:00 PM;418;0,6;0;13;;;;;;;;;;;;;;;;
01/22/2024 11:00:00 PM;330;0,6;0;13;;;;;;;;;;;;;;;;
01/23/2024 12:00:00 AM;194;0,6;0;14,8;;;;;;;;;;;;;;;;
01/23/2024 01:00:00 AM;99;1,1;0;11,2;;;;;;;;;;;;;;;;
01/23/2024 02:00:00 AM;47;1,1;0,3;11,2;;;;;;;;;;;;;;;;
01/23/2024 03:00:00 AM;51;0,6;0,3;18,4;;;;;;;;;;;;;;;;
01/23/2024 04:00:00 AM;75;0,6;0;5,4;;;;;;;;;;;;;;;;
01/23/2024 05:00:00 AM;148;0,6;0,3;7,6;;;;;;;;;;;;;;;;
01/23/2024 06:00:00 AM;403;0,6;0,4;7,6;;;;;;;;;;;;;;;;
01/23/2024 07:00:00 AM;767;0,6;0,6;5,4;;;;;;;;;;;;;;;;
01/23/2024 08:00:00 AM;1107;0,6;0,3;9,4;;;;;;;;;;;;;;;;
01/23/2024 09:00:00 AM;1315;0,6;0,5;9,4;;;;;;;;;;;;;;;;
01/23/2024 10:00:00 AM;1137;0,6;1,3;9,4;;;;;;;;;;;;;;;;
01/23/2024 11:00:00 AM;1200;0,6;1;11,2;;;;;;;;;;;;;;;;
01/23/2024 12:00:00 PM;1354;1,1;1;14,8;;;;;;;;;;;;;;;;
01/23/2024 01:00:00 PM;1281;1,1;1,5;14,8;;;;;;;;;;;;;;;;
01/23/2024 02:00:00 PM;1247;1,1;0,8;7,6;;;;;;;;;;;;;;;;
01/23/2024 03:00:00 PM;1279;1,1;0,8;9,4;;;;;;;;;;;;;;;;
01/23/2024 04:00:00 PM;1318;1,7;0,5;5,4;;;;;;;;;;;;;;;;
01/23/2024 05:00:00 PM;1362;1,7;0,8;7,6;;;;;;;;;;;;;;;;
01/23/2024 06:00:00 PM;1297;1,7;0,3;7,6;;;;;;;;;;;;;;;;
01/23/2024 07:00:00 PM;1115;2,2;0,3;7,6;;;;;;;;;;;;;;;;
01/23/2024 08:00:00 PM;806;2,2;0;0;;;;;;;;;;;;;;;;
01/23/2024 09:00:00 PM;534;2,2;0;0;;;;;;;;;;;;;;;;
01/23/2024 10:00:00 PM;391;2,2;0,3;0;;;;;;;;;;;;;;;;
01/23/2024 11:00:00 PM;238;2,2;0;0;;;;;;;;;;;;;;;;
01/24/2024 12:00:00 AM;144;2,2;0;7,6;;;;;;;;;;;;;;;;
01/24/2024 01:00:00 AM;50;2,2;0;7,6;;;;;;;;;;;;;;;;
01/24/2024 02:00:00 AM;42;1,7;0;9,4;;;;;;;;;;;;;;;;
01/24/2024 03:00:00 AM;66;1,7;0;0;;;;;;;;;;;;;;;;
01/24/2024 04:00:00 AM;94;1,7;0;0;;;;;;;;;;;;;;;;
01/24/2024 05:00:00 AM;193;1,7;0;5,4;;;;;;;;;;;;;;;;
01/24/2024 06:00:00 AM;404;1,1;0;0;;;;;;;;;;;;;;;;
01/24/2024 07:00:00 AM;722;1,7;0;0;;;;;;;;;;;;;;;;
01/24/2024 08:00:00 AM;1011;1,7;0;0;;;;;;;;;;;;;;;;
01/24/2024 09:00:00 AM;1177;1,1;0;7,6;;;;;;;;;;;;;;;;
01/24/2024 10:00:00 AM;1213;1,1;0,3;9,4;;;;;;;;;;;;;;;;
01/24/2024 11:00:00 AM;1271;1,1;0,4;9,4;;;;;;;;;;;;;;;;
01/24/2024 12:00:00 PM;1352;1,7;0;9,4;;;;;;;;;;;;;;;;
01/24/2024 01:00:00 PM;1296;1,1;0;9,4;;;;;;;;;;;;;;;;
01/24/2024 02:00:00 PM;1337;2,2;0;9,4;;;;;;;;;;;;;;;;
01/24/2024 03:00:00 PM;1341;2,2;0,3;9,4;;;;;;;;;;;;;;;;
01/24/2024 04:00:00 PM;1366;2,2;0,5;9,4;;;;;;;;;;;;;;;;
01/24/2024 05:00:00 PM;1363;2,2;0,8;13;;;;;;;;;;;;;;;;
01/24/2024 06:00:00 PM;1192;2,2;0,8;13;;;;;;;;;;;;;;;;
01/24/2024 07:00:00 PM;1109;2,8;0,5;13;;;;;;;;;;;;;;;;
01/24/2024 08:00:00 PM;807;2,8;0;13;;;;;;;;;;;;;;;;
01/24/2024 09:00:00 PM;623;2,8;0;14,8;;;;;;;;;;;;;;;;
01/24/2024 10:00:00 PM;399;2,8;0;14,8;;;;;;;;;;;;;;;;
01/24/2024 11:00:00 PM;286;2,8;1,3;14,8;;;;;;;;;;;;;;;;
01/25/2024 12:00:00 AM;154;2,8;0,5;14,8;;;;;;;;;;;;;;;;
01/25/2024 01:00:00 AM;62;2,8;0;13;;;;;;;;;;;;;;;;
01/25/2024 02:00:00 AM;30;2,8;0;13;;;;;;;;;;;;;;;;
01/25/2024 03:00:00 AM;56;2,8;0;11,2;;;;;;;;;;;;;;;;
01/25/2024 04:00:00 AM;101;2,2;0;9,4;;;;;;;;;;;;;;;;
01/25/2024 05:00:00 AM;172;2,2;0;9,4;;;;;;;;;;;;;;;;
01/25/2024 06:00:00 AM;400;2,2;0;9,4;;;;;;;;;;;;;;;;
01/25/2024 07:00:00 AM;754;1,7;0;11,2;;;;;;;;;;;;;;;;
01/25/2024 08:00:00 AM;1003;1,7;0;11,2;;;;;;;;;;;;;;;;
01/25/2024 09:00:00 AM;1065;1,7;0;9,4;;;;;;;;;;;;;;;;
01/25/2024 10:00:00 AM;1066;1,7;0;9,4;;;;;;;;;;;;;;;;
01/25/2024 11:00:00 AM;1065;2,2;0;13;;;;;;;;;;;;;;;;
01/25/2024 12:00:00 PM;1111;2,2;0;13;;;;;;;;;;;;;;;;
01/25/2024 01:00:00 PM;1131;2,2;0;11,2;;;;;;;;;;;;;;;;
01/25/2024 02:00:00 PM;1203;2,8;0;7,6;;;;;;;;;;;;;;;;
01/25/2024 03:00:00 PM;1218;2,8;0;7,6;;;;;;;;;;;;;;;;
01/25/2024 04:00:00 PM;1278;2,8;0;7,6;;;;;;;;;;;;;;;;
01/25/2024 05:00:00 PM;1305;3,3;0;13;;;;;;;;;;;;;;;;
01/25/2024 06:00:00 PM;1234;3,3;0;13;;;;;;;;;;;;;;;;
01/25/2024 07:00:00 PM;1157;3,3;0;13;;;;;;;;;;;;;;;;
01/25/2024 08:00:00 PM;1003;3,3;0;13;;;;;;;;;;;;;;;;
01/25/2024 09:00:00 PM;790;2,8;0;18,4;;;;;;;;;;;;;;;;
01/25/2024 10:00:00 PM;566;2,8;0;18,4;;;;;;;;;;;;;;;;
01/25/2024 11:00:00 PM;343;2,8;0;16,6;;;;;;;;;;;;;;;;
01/26/2024 12:00:00 AM;224;2,8;0,7;16,6;;;;;;;;;;;;;;;;
01/26/2024 01:00:00 AM;128;2,8;1;16,6;;;;;;;;;;;;;;;;
01/26/2024 02:00:00 AM;61;3,3;1,3;18,4;;;;;;;;;;;;;;;;
01/26/2024 03:00:00 AM;46;3,3;1;18,4;;;;;;;;;;;;;;;;
01/26/2024 04:00:00 AM;84;3,3;1,5;20,5;;;;;;;;;;;;;;;;
01/26/2024 05:00:00 AM;157;3,3;1,5;20,5;;;;;;;;;;;;;;;;
01/26/2024 06:00:00 AM;291;3,3;0,8;20,5;;;;;;;;;;;;;;;;
01/26/2024 07:00:00 AM;528;2,8;2;16,6;;;;;;;;;;;;;;;;
01/26/2024 08:00:00 AM;792;3,3;2,8;16,6;;;;;;;;;;;;;;;;
01/26/2024 09:00:00 AM;871;3,3;1,8;16,6;;;;;;;;;;;;;;;;
01/26/2024 10:00:00 AM;903;3,3;0,3;14,8;;;;;;;;;;;;;;;;
01/26/2024 11:00:00 AM;945;3,3;0;14,8;;;;;;;;;;;;;;;;
01/26/2024 12:00:00 PM;1027;3,3;0;14,8;;;;;;;;;;;;;;;;
01/26/2024 01:00:00 PM;1071;3,3;0;9,4;;;;;;;;;;;;;;;;
01/26/2024 02:00:00 PM;1139;3,3;0;11,2;;;;;;;;;;;;;;;;
01/26/2024 03:00:00 PM;1204;3,3;0,3;11,2;;;;;;;;;;;;;;;;
01/26/2024 04:00:00 PM;1201;3,3;0;9,4;;;;;;;;;;;;;;;;
01/26/2024 05:00:00 PM;1263;3,3;0;9,4;;;;;;;;;;;;;;;;
01/26/2024 06:00:00 PM;1298;3,9;0,3;9,4;;;;;;;;;;;;;;;;
01/26/2024 07:00:00 PM;994;3,9;0,4;9,4;;;;;;;;;;;;;;;;
01/26/2024 08:00:00 PM;704;4,4;0,8;9,4;;;;;;;;;;;;;;;;
01/26/2024 09:00:00 PM;536;3,9;0,5;9,4;;;;;;;;;;;;;;;;
01/26/2024 10:00:00 PM;454;3,9;0,3;9,4;;;;;;;;;;;;;;;;
01/26/2024 11:00:00 PM;377;3,3;1,3;0;;;;;;;;;;;;;;;;
01/27/2024 12:00:00 AM;294;3,3;0,3;0;;;;;;;;;;;;;;;;
01/27/2024 01:00:00 AM;223;3,3;0;7,6;;;;;;;;;;;;;;;;
01/27/2024 02:00:00 AM;124;3,3;0;5,4;;;;;;;;;;;;;;;;
01/27/2024 03:00:00 AM;95;2,8;0;7,6;;;;;;;;;;;;;;;;
01/27/2024 04:00:00 AM;77;2,8;0;5,4;;;;;;;;;;;;;;;;
01/27/2024 05:00:00 AM;86;2,8;0;9,4;;;;;;;;;;;;;;;;
01/27/2024 06:00:00 AM;133;2,8;0;7,6;;;;;;;;;;;;;;;;
01/27/2024 07:00:00 AM;192;2,8;0;7,6;;;;;;;;;;;;;;;;
01/27/2024 08:00:00 AM;231;2,2;0;0;;;;;;;;;;;;;;;;
01/27/2024 09:00:00 AM;383;2,2;0;0;;;;;;;;;;;;;;;;
01/27/2024 10:00:00 AM;443;2,2;0;0;;;;;;;;;;;;;;;;
01/27/2024 11:00:00 AM;556;2,2;0;5,4;;;;;;;;;;;;;;;;
01/27/2024 12:00:00 PM;594;2,2;0;5,4;;;;;;;;;;;;;;;;
01/27/2024 01:00:00 PM;683;2,2;0;7,6;;;;;;;;;;;;;;;;
01/27/2024 02:00:00 PM;645;2,2;0;7,6;;;;;;;;;;;;;;;;
01/27/2024 03:00:00 PM;628;2,8;0;11,2;;;;;;;;;;;;;;;;
01/27/2024 04:00:00 PM;693;2,8;0;11,2;;;;;;;;;;;;;;;;
01/27/2024 05:00:00 PM;655;3,9;0;5,4;;;;;;;;;;;;;;;;
01/27/2024 06:00:00 PM;745;4,4;0;11,2;;;;;;;;;;;;;;;;
01/27/2024 07:00:00 PM;652;4,4;0;14,8;;;;;;;;;;;;;;;;
01/27/2024 08:00:00 PM;521;4,4;0;14,8;;;;;;;;;;;;;;;;
01/27/2024 09:00:00 PM;517;4,4;0;18,4;;;;;;;;;;;;;;;;
01/27/2024 10:00:00 PM;412;3,3;0;16,6;;;;;;;;;;;;;;;;
01/27/2024 11:00:00 PM;410;2,8;0;18,4;;;;;;;;;;;;;;;;
01/28/2024 12:00:00 AM;281;2,8;0;16,6;;;;;;;;;;;;;;;;
01/28/2024 01:00:00 AM;212;3,3;0;18,4;;;;;;;;;;;;;;;;
01/28/2024 02:00:00 AM;145;3,3;0;16,6;;;;;;;;;;;;;;;;
01/28/2024 03:00:00 AM;93;2,8;0;20,5;;;;;;;;;;;;;;;;
01/28/2024 04:00:00 AM;102;2,8;0;20,5;;;;;;;;;;;;;;;;
01/28/2024 05:00:00 AM;75;2,8;0;16,6;;;;;;;;;;;;;;;;
01/28/2024 06:00:00 AM;129;2,8;0,3;18,4;;;;;;;;;;;;;;;;
01/28/2024 07:00:00 AM;168;2,8;0,5;20,5;;;;;;;;;;;;;;;;
01/28/2024 08:00:00 AM;233;2,8;0,3;20,5;;;;;;;;;;;;;;;;
01/28/2024 09:00:00 AM;370;2,8;0,3;27,7;;;;;;;;;;;;;;;;
01/28/2024 10:00:00 AM;431;2,8;0;27,7;;;;;;;;;;;;;;;;
01/28/2024 11:00:00 AM;490;3,3;0;25,9;;;;;;;;;;;;;;;;
01/28/2024 12:00:00 PM;569;2,8;0;18,4;;;;;;;;;;;;;;;;
01/28/2024 01:00:00 PM;551;2,8;0;18,4;;;;;;;;;;;;;;;;
01/28/2024 02:00:00 PM;633;2,8;0;18,4;;;;;;;;;;;;;;;;
01/28/2024 03:00:00 PM;639;2,8;0;20,5;;;;;;;;;;;;;;;;
01/28/2024 04:00:00 PM;611;2,8;0;22,3;;;;;;;;;;;;;;;;
01/28/2024 05:00:00 PM;619;3,9;0;24,1;;;;;;;;;;;;;;;;
01/28/2024 06:00:00 PM;638;3,3;0;24,1;;;;;;;;;;;;;;;;
01/28/2024 07:00:00 PM;632;3,3;0;24,1;;;;;;;;;;;;;;;;
01/28/2024 08:00:00 PM;573;3,3;0;14,8;;;;;;;;;;;;;;;;
01/28/2024 09:00:00 PM;528;3,3;0;14,8;;;;;;;;;;;;;;;;
01/28/2024 10:00:00 PM;276;2,2;0;18,4;;;;;;;;;;;;;;;;
01/28/2024 11:00:00 PM;292;2,2;0;13;;;;;;;;;;;;;;;;
01/29/2024 12:00:00 AM;240;1,7;0;16,6;;;;;;;;;;;;;;;;
01/29/2024 01:00:00 AM;64;1,7;0;7,6;;;;;;;;;;;;;;;;
01/29/2024 02:00:00 AM;39;1,7;0;7,6;;;;;;;;;;;;;;;;
01/29/2024 03:00:00 AM;53;1,1;0;9,4;;;;;;;;;;;;;;;;
01/29/2024 04:00:00 AM;72;1,1;0;14,8;;;;;;;;;;;;;;;;
01/29/2024 05:00:00 AM;151;0,6;0;9,4;;;;;;;;;;;;;;;;
01/29/2024 06:00:00 AM;288;0,6;0;9,4;;;;;;;;;;;;;;;;
01/29/2024 07:00:00 AM;586;0,6;0;11,2;;;;;;;;;;;;;;;;
01/29/2024 08:00:00 AM;904;0;0;11,2;;;;;;;;;;;;;;;;
01/29/2024 09:00:00 AM;1030;-0,6;0;11,2;;;;;;;;;;;;;;;;
01/29/2024 10:00:00 AM;919;-0,6;0;14,8;;;;;;;;;;;;;;;;
01/29/2024 11:00:00 AM;899;-0,6;0;16,6;;;;;;;;;;;;;;;;
01/29/2024 12:00:00 PM;980;-0,6;0;16,6;;;;;;;;;;;;;;;;
01/29/2024 01:00:00 PM;943;-1,1;0;13;;;;;;;;;;;;;;;;
01/29/2024 02:00:00 PM;922;-0,6;0;13;;;;;;;;;;;;;;;;
01/29/2024 03:00:00 PM;979;-0,6;0;13;;;;;;;;;;;;;;;;
01/29/2024 04:00:00 PM;1000;-0,6;0;13;;;;;;;;;;;;;;;;
01/29/2024 05:00:00 PM;1031;1,7;0;18,4;;;;;;;;;;;;;;;;
01/29/2024 06:00:00 PM;927;3,3;0;16,6;;;;;;;;;;;;;;;;
01/29/2024 07:00:00 PM;678;3,3;0;16,6;;;;;;;;;;;;;;;;
01/29/2024 08:00:00 PM;625;3,3;0;18,4;;;;;;;;;;;;;;;;
01/29/2024 09:00:00 PM;405;3,3;0;18,4;;;;;;;;;;;;;;;;
01/29/2024 10:00:00 PM;396;2,2;0;16,6;;;;;;;;;;;;;;;;
01/29/2024 11:00:00 PM;253;1,7;0;22,3;;;;;;;;;;;;;;;;
01/30/2024 12:00:00 AM;155;2,2;0;18,4;;;;;;;;;;;;;;;;
01/30/2024 01:00:00 AM;75;2,2;0;18,4;;;;;;;;;;;;;;;;
01/30/2024 02:00:00 AM;35;2,2;0;22,3;;;;;;;;;;;;;;;;
01/30/2024 03:00:00 AM;32;3,3;0;22,3;;;;;;;;;;;;;;;;
01/30/2024 04:00:00 AM;61;3,3;0;22,3;;;;;;;;;;;;;;;;
01/30/2024 05:00:00 AM;121;3,9;0;25,9;;;;;;;;;;;;;;;;
01/30/2024 06:00:00 AM;314;3,3;0;25,9;;;;;;;;;;;;;;;;
01/30/2024 07:00:00 AM;725;3,3;1,1;24,1;;;;;;;;;;;;;;;;
01/30/2024 08:00:00 AM;1055;3,3;0;16,6;;;;;;;;;;;;;;;;
01/30/2024 09:00:00 AM;1046;3,3;0;14,8;;;;;;;;;;;;;;;;
01/30/2024 10:00:00 AM;929;2,8;0;11,2;;;;;;;;;;;;;;;;
01/30/2024 11:00:00 AM;956;2,8;0;11,2;;;;;;;;;;;;;;;;
01/30/2024 12:00:00 PM;930;2,8;0;7,6;;;;;;;;;;;;;;;;
01/30/2024 01:00:00 PM;980;2,8;0;7,6;;;;;;;;;;;;;;;;
01/30/2024 02:00:00 PM;997;3,9;0;13;;;;;;;;;;;;;;;;
01/30/2024 03:00:00 PM;1078;3,9;0;20,5;;;;;;;;;;;;;;;;
01/30/2024 04:00:00 PM;1099;3,9;0;20,5;;;;;;;;;;;;;;;;
01/30/2024 05:00:00 PM;1171;5;0;18,4;;;;;;;;;;;;;;;;
01/30/2024 06:00:00 PM;1006;4,4;0;18,4;;;;;;;;;;;;;;;;
01/30/2024 07:00:00 PM;866;4,4;0;14,8;;;;;;;;;;;;;;;;
01/30/2024 08:00:00 PM;589;4,4;0;20,5;;;;;;;;;;;;;;;;
01/30/2024 09:00:00 PM;440;4,4;0;20,5;;;;;;;;;;;;;;;;
01/30/2024 10:00:00 PM;356;3,9;0;22,3;;;;;;;;;;;;;;;;
01/30/2024 11:00:00 PM;235;3,3;0;16,6;;;;;;;;;;;;;;;;
01/31/2024 12:00:00 AM;116;3,3;0;13;;;;;;;;;;;;;;;;
01/31/2024 01:00:00 AM;57;3,3;0;14,8;;;;;;;;;;;;;;;;
01/31/2024 02:00:00 AM;23;3,3;0;14,8;;;;;;;;;;;;;;;;
01/31/2024 03:00:00 AM;43;3,3;0;14,8;;;;;;;;;;;;;;;;
01/31/2024 04:00:00 AM;68;3,3;0;13;;;;;;;;;;;;;;;;
01/31/2024 05:00:00 AM;120;2,8;0;13;;;;;;;;;;;;;;;;
01/31/2024 06:00:00 AM;311;2,8;0;9,4;;;;;;;;;;;;;;;;
01/31/2024 07:00:00 AM;708;2,8;0;9,4;;;;;;;;;;;;;;;;
01/31/2024 08:00:00 AM;1095;2,8;0;11,2;;;;;;;;;;;;;;;;
01/31/2024 09:00:00 AM;1026;2,8;0;9,4;;;;;;;;;;;;;;;;
01/31/2024 10:00:00 AM;902;2,8;0;11,2;;;;;;;;;;;;;;;;
01/31/2024 11:00:00 AM;962;2,8;0;11,2;;;;;;;;;;;;;;;;
01/31/2024 12:00:00 PM;1077;2,8;0;7,6;;;;;;;;;;;;;;;;
01/31/2024 01:00:00 PM;1038;2,8;0;9,4;;;;;;;;;;;;;;;;
01/31/2024 02:00:00 PM;1077;3,3;0;13;;;;;;;;;;;;;;;;
01/31/2024 03:00:00 PM;1074;3,3;0;13;;;;;;;;;;;;;;;;
01/31/2024 04:00:00 PM;1157;3,3;0;24,1;;;;;;;;;;;;;;;;
01/31/2024 05:00:00 PM;1240;3,3;0;20,5;;;;;;;;;;;;;;;;
01/31/2024 06:00:00 PM;1149;2,8;0;27,7;;;;;;;;;;;;;;;;
01/31/2024 07:00:00 PM;944;2,8;0;22,3;;;;;;;;;;;;;;;;
01/31/2024 08:00:00 PM;750;3,3;0;16,6;;;;;;;;;;;;;;;;
01/31/2024 09:00:00 PM;553;3,3;0;16,6;;;;;;;;;;;;;;;;
01/31/2024 10:00:00 PM;377;2,8;0;20,5;;;;;;;;;;;;;;;;
01/31/2024 11:00:00 PM;248;2,8;0;18,4;;;;;;;;;;;;;;;;
02/01/2024 12:00:00 AM;168;2,8;0;20,5;;;;;;;;;;;;;;;;
02/01/2024 01:00:00 AM;79;2,8;0;20,5;;;;;;;;;;;;;;;;
02/01/2024 02:00:00 AM;42;2,8;0;20,5;;;;;;;;;;;;;;;;
02/01/2024 03:00:00 AM;42;2,8;0;20,5;;;;;;;;;;;;;;;;
02/01/2024 04:00:00 AM;87;2,8;0;14,8;;;;;;;;;;;;;;;;
02/01/2024 05:00:00 AM;151;2,2;0;14,8;;;;;;;;;;;;;;;;
02/01/2024 06:00:00 AM;342;2,2;0;14,8;;;;;;;;;;;;;;;;
02/01/2024 07:00:00 AM;726;2,2;0;14,8;;;;;;;;;;;;;;;;
02/01/2024 08:00:00 AM;1071;2,2;0;20,5;;;;;;;;;;;;;;;;
02/01/2024 09:00:00 AM;1050;2,2;0;14,8;;;;;;;;;;;;;;;;
02/01/2024 10:00:00 AM;962;1,7;0;11,2;;;;;;;;;;;;;;;;
02/01/2024 11:00:00 AM;1021;1,7;0;11,2;;;;;;;;;;;;;;;;
02/01/2024 12:00:00 PM;1027;1,7;0;11,2;;;;;;;;;;;;;;;;
02/01/2024 01:00:00 PM;1058;2,2;0;13;;;;;;;;;;;;;;;;
02/01/2024 02:00:00 PM;1140;3,9;0;14,8;;;;;;;;;;;;;;;;
02/01/2024 03:00:00 PM;1165;3,9;0;14,8;;;;;;;;;;;;;;;;
02/01/2024 04:00:00 PM;1285;8,9;0;11,2;;;;;;;;;;;;;;;;
02/01/2024 05:00:00 PM;1418;8,9;0;11,2;;;;;;;;;;;;;;;;
02/01/2024 06:00:00 PM;1126;11,1;0;7,6;;;;;;;;;;;;;;;;
02/01/2024 07:00:00 PM;1122;12,8;0;5,4;;;;;;;;;;;;;;;;
02/01/2024 08:00:00 PM;932;12,8;0;5,4;;;;;;;;;;;;;;;;
02/01/2024 09:00:00 PM;645;7,2;0;20,5;;;;;;;;;;;;;;;;
02/01/2024 10:00:00 PM;444;5;0;18,4;;;;;;;;;;;;;;;;
02/01/2024 11:00:00 PM;270;3,9;0;18,4;;;;;;;;;;;;;;;;
02/02/2024 12:00:00 AM;218;4,4;0;22,3;;;;;;;;;;;;;;;;
02/02/2024 01:00:00 AM;156;4,4;0;27,7;;;;;;;;;;;;;;;;
02/02/2024 02:00:00 AM;60;2,8;0;14,8;;;;;;;;;;;;;;;;
02/02/2024 03:00:00 AM;60;2,8;0;20,5;;;;;;;;;;;;;;;;
02/02/2024 04:00:00 AM;82;2,8;0;20,5;;;;;;;;;;;;;;;;
02/02/2024 05:00:00 AM;129;2,8;0;20,5;;;;;;;;;;;;;;;;
02/02/2024 06:00:00 AM;316;2,8;0;27,7;;;;;;;;;;;;;;;;
02/02/2024 07:00:00 AM;563;2,8;0;22,3;;;;;;;;;;;;;;;;
02/02/2024 08:00:00 AM;771;2,8;0;24,1;;;;;;;;;;;;;;;;
02/02/2024 09:00:00 AM;877;2,8;0;24,1;;;;;;;;;;;;;;;;
02/02/2024 10:00:00 AM;886;2,8;0;16,6;;;;;;;;;;;;;;;;
02/02/2024 11:00:00 AM;874;2,8;0;16,6;;;;;;;;;;;;;;;;
02/02/2024 12:00:00 PM;988;2,8;0;18,4;;;;;;;;;;;;;;;;
02/02/2024 01:00:00 PM;1045;3,3;0;18,4;;;;;;;;;;;;;;;;
02/02/2024 02:00:00 PM;1084;3,3;0;16,6;;;;;;;;;;;;;;;;
02/02/2024 03:00:00 PM;1031;3,3;0;16,6;;;;;;;;;;;;;;;;
02/02/2024 04:00:00 PM;1059;3,3;0;14,8;;;;;;;;;;;;;;;;
02/02/2024 05:00:00 PM;1127;3,9;0;14,8;;;;;;;;;;;;;;;;
02/02/2024 06:00:00 PM;1025;5;0;11,2;;;;;;;;;;;;;;;;
02/02/2024 07:00:00 PM;890;3,9;0;18,4;;;;;;;;;;;;;;;;
02/02/2024 08:00:00 PM;753;3,9;0;18,4;;;;;;;;;;;;;;;;
02/02/2024 09:00:00 PM;515;2,8;0;20,5;;;;;;;;;;;;;;;;
02/02/2024 10:00:00 PM;361;1,7;0;18,4;;;;;;;;;;;;;;;;
02/02/2024 11:00:00 PM;294;1,1;0;18,4;;;;;;;;;;;;;;;;
02/03/2024 12:00:00 AM;316;1,1;0;18,4;;;;;;;;;;;;;;;;
02/03/2024 01:00:00 AM;209;1,1;0;18,4;;;;;;;;;;;;;;;;
02/03/2024 02:00:00 AM;113;0,6;0;9,4;;;;;;;;;;;;;;;;
02/03/2024 03:00:00 AM;98;0,6;0;9,4;;;;;;;;;;;;;;;;
02/03/2024 04:00:00 AM;74;0;0;5,4;;;;;;;;;;;;;;;;
02/03/2024 05:00:00 AM;95;0;0;0;;;;;;;;;;;;;;;;
02/03/2024 06:00:00 AM;135;0;0;0;;;;;;;;;;;;;;;;
02/03/2024 07:00:00 AM;151;-0,6;0;9,4;;;;;;;;;;;;;;;;
02/03/2024 08:00:00 AM;311;-1,1;0;7,6;;;;;;;;;;;;;;;;
02/03/2024 09:00:00 AM;460;0;0;9,4;;;;;;;;;;;;;;;;
02/03/2024 10:00:00 AM;520;0;0;9,4;;;;;;;;;;;;;;;;
02/03/2024 11:00:00 AM;626;-1,1;0;7,6;;;;;;;;;;;;;;;;
02/03/2024 12:00:00 PM;609;-1,1;0;0;;;;;;;;;;;;;;;;
02/03/2024 01:00:00 PM;668;0;0;0;;;;;;;;;;;;;;;;
02/03/2024 02:00:00 PM;667;1,7;0;7,6;;;;;;;;;;;;;;;;
02/03/2024 03:00:00 PM;636;1,7;0;7,6;;;;;;;;;;;;;;;;
02/03/2024 04:00:00 PM;726;5;0;11,2;;;;;;;;;;;;;;;;
02/03/2024 05:00:00 PM;707;5;0;11,2;;;;;;;;;;;;;;;;
02/03/2024 06:00:00 PM;688;5,6;0;14,8;;;;;;;;;;;;;;;;
02/03/2024 07:00:00 PM;733;3,9;0;16,6;;;;;;;;;;;;;;;;
02/03/2024 08:00:00 PM;590;3,9;0;16,6;;;;;;;;;;;;;;;;
02/03/2024 09:00:00 PM;476;1,7;0;16,6;;;;;;;;;;;;;;;;
02/03/2024 10:00:00 PM;466;0;0;14,8;;;;;;;;;;;;;;;;
02/03/2024 11:00:00 PM;383;0;0;14,8;;;;;;;;;;;;;;;;
02/04/2024 12:00:00 AM;279;0;0;14,8;;;;;;;;;;;;;;;;
02/04/2024 01:00:00 AM;216;0;0;14,8;;;;;;;;;;;;;;;;
02/04/2024 02:00:00 AM;159;0;0;13;;;;;;;;;;;;;;;;
02/04/2024 03:00:00 AM;95;0,6;0;13;;;;;;;;;;;;;;;;
02/04/2024 04:00:00 AM;80;0,6;0;13;;;;;;;;;;;;;;;;
02/04/2024 05:00:00 AM;74;-0,6;0;9,4;;;;;;;;;;;;;;;;
02/04/2024 06:00:00 AM;138;0;0;11,2;;;;;;;;;;;;;;;;
02/04/2024 07:00:00 AM;172;0,6;0;13;;;;;;;;;;;;;;;;
02/04/2024 08:00:00 AM;281;0,6;0;13;;;;;;;;;;;;;;;;
02/04/2024 09:00:00 AM;399;-0,6;0;7,6;;;;;;;;;;;;;;;;
02/04/2024 10:00:00 AM;488;-0,6;0;7,6;;;;;;;;;;;;;;;;
02/04/2024 11:00:00 AM;511;-0,6;0;11,2;;;;;;;;;;;;;;;;
02/04/2024 12:00:00 PM;555;-0,6;0;11,2;;;;;;;;;;;;;;;;
02/04/2024 01:00:00 PM;562;1,7;0;14,8;;;;;;;;;;;;;;;;
02/04/2024 02:00:00 PM;642;3,3;0;14,8;;;;;;;;;;;;;;;;
02/04/2024 03:00:00 PM;623;3,3;0;14,8;;;;;;;;;;;;;;;;
02/04/2024 04:00:00 PM;712;6,1;0;16,6;;;;;;;;;;;;;;;;
02/04/2024 05:00:00 PM;664;6,7;0;16,6;;;;;;;;;;;;;;;;
02/04/2024 06:00:00 PM;688;7,2;0;20,5;;;;;;;;;;;;;;;;
02/04/2024 07:00:00 PM;684;7,8;0;24,1;;;;;;;;;;;;;;;;
02/04/2024 08:00:00 PM;665;7,8;0;24,1;;;;;;;;;;;;;;;;
02/04/2024 09:00:00 PM;439;5,6;0;24,1;;;;;;;;;;;;;;;;
02/04/2024 10:00:00 PM;348;5,6;0;24,1;;;;;;;;;;;;;;;;
02/04/2024 11:00:00 PM;262;2,8;0;24,1;;;;;;;;;;;;;;;;
02/05/2024 12:00:00 AM;221;1,1;0;14,8;;;;;;;;;;;;;;;;
02/05/2024 01:00:00 AM;94;1,1;0;11,2;;;;;;;;;;;;;;;;
02/05/2024 02:00:00 AM;65;0,6;0;13;;;;;;;;;;;;;;;;
02/05/2024 03:00:00 AM;52;0;0;7,6;;;;;;;;;;;;;;;;
02/05/2024 04:00:00 AM;69;-0,6;0;9,4;;;;;;;;;;;;;;;;
02/05/2024 05:00:00 AM;174;-1,1;0;11,2;;;;;;;;;;;;;;;;
02/05/2024 06:00:00 AM;326;-1,7;0;11,2;;;;;;;;;;;;;;;;
02/05/2024 07:00:00 AM;605;-1,1;0;16,6;;;;;;;;;;;;;;;;
02/05/2024 08:00:00 AM;881;0;0;18,4;;;;;;;;;;;;;;;;
02/05/2024 09:00:00 AM;1041;0;0;16,6;;;;;;;;;;;;;;;;
02/05/2024 10:00:00 AM;978;0,6;0;16,6;;;;;;;;;;;;;;;;
02/05/2024 11:00:00 AM;1000;0,6;0;20,5;;;;;;;;;;;;;;;;
02/05/2024 12:00:00 PM;1020;0,6;0;18,4;;;;;;;;;;;;;;;;
02/05/2024 01:00:00 PM;991;0,6;0;13;;;;;;;;;;;;;;;;
02/05/2024 02:00:00 PM;1002;0,6;0;13;;;;;;;;;;;;;;;;
02/05/2024 03:00:00 PM;1107;2,2;0;24,1;;;;;;;;;;;;;;;;
02/05/2024 04:00:00 PM;1058;2,2;0;24,1;;;;;;;;;;;;;;;;
02/05/2024 05:00:00 PM;1072;3,3;0;18,4;;;;;;;;;;;;;;;;
02/05/2024 06:00:00 PM;1019;3,3;0;18,4;;;;;;;;;;;;;;;;
02/05/2024 07:00:00 PM;817;4,4;0;18,4;;;;;;;;;;;;;;;;
02/05/2024 08:00:00 PM;663;4,4;0;24,1;;;;;;;;;;;;;;;;
02/05/2024 09:00:00 PM;443;4,4;0;24,1;;;;;;;;;;;;;;;;
02/05/2024 10:00:00 PM;339;2,2;0;14,8;;;;;;;;;;;;;;;;
02/05/2024 11:00:00 PM;230;1,1;0;16,6;;;;;;;;;;;;;;;;
02/06/2024 12:00:00 AM;170;1,1;0;14,8;;;;;;;;;;;;;;;;
02/06/2024 01:00:00 AM;85;1,1;0;16,6;;;;;;;;;;;;;;;;
02/06/2024 02:00:00 AM;37;1,1;0;16,6;;;;;;;;;;;;;;;;
02/06/2024 03:00:00 AM;45;1,1;0;16,6;;;;;;;;;;;;;;;;
02/06/2024 04:00:00 AM;64;1,1;0;13;;;;;;;;;;;;;;;;
02/06/2024 05:00:00 AM;147;1,1;0;13;;;;;;;;;;;;;;;;
02/06/2024 06:00:00 AM;328;1,1;0;13;;;;;;;;;;;;;;;;
02/06/2024 07:00:00 AM;714;0;0;7,6;;;;;;;;;;;;;;;;
02/06/2024 08:00:00 AM;1093;0;0;9,4;;;;;;;;;;;;;;;;
02/06/2024 09:00:00 AM;1227;0;0;7,6;;;;;;;;;;;;;;;;
02/06/2024 10:00:00 AM;994;0,6;0;9,4;;;;;;;;;;;;;;;;
02/06/2024 11:00:00 AM;971;0,6;0;9,4;;;;;;;;;;;;;;;;
02/06/2024 12:00:00 PM;1039;1,7;0;7,6;;;;;;;;;;;;;;;;
02/06/2024 01:00:00 PM;1075;1,7;0;7,6;;;;;;;;;;;;;;;;
02/06/2024 02:00:00 PM;1032;1,1;0;13;;;;;;;;;;;;;;;;
02/06/2024 03:00:00 PM;1073;1,1;0;7,6;;;;;;;;;;;;;;;;
02/06/2024 04:00:00 PM;1265;2,2;0;11,2;;;;;;;;;;;;;;;;
02/06/2024 05:00:00 PM;1196;6,7;0;7,6;;;;;;;;;;;;;;;;
02/06/2024 06:00:00 PM;1059;7,2;0;0;;;;;;;;;;;;;;;;
02/06/2024 07:00:00 PM;873;7,2;0;0;;;;;;;;;;;;;;;;
02/06/2024 08:00:00 PM;586;8,9;0;9,4;;;;;;;;;;;;;;;;
02/06/2024 09:00:00 PM;481;8,9;0;9,4;;;;;;;;;;;;;;;;
02/06/2024 10:00:00 PM;343;6,7;0;11,2;;;;;;;;;;;;;;;;
02/06/2024 11:00:00 PM;270;4,4;0;7,6;;;;;;;;;;;;;;;;
02/07/2024 12:00:00 AM;128;3,3;0;7,6;;;;;;;;;;;;;;;;
02/07/2024 01:00:00 AM;44;2,8;0;5,4;;;;;;;;;;;;;;;;
02/07/2024 02:00:00 AM;26;2,8;0;5,4;;;;;;;;;;;;;;;;
02/07/2024 03:00:00 AM;45;1,7;0;0;;;;;;;;;;;;;;;;
02/07/2024 04:00:00 AM;76;1,1;0;5,4;;;;;;;;;;;;;;;;
02/07/2024 05:00:00 AM;140;1,1;0;9,4;;;;;;;;;;;;;;;;
02/07/2024 06:00:00 AM;311;1,1;0;9,4;;;;;;;;;;;;;;;;
02/07/2024 07:00:00 AM;680;0,6;0;0;;;;;;;;;;;;;;;;
02/07/2024 08:00:00 AM;1072;0,6;0;0;;;;;;;;;;;;;;;;
02/07/2024 09:00:00 AM;1085;-0,6;0;0;;;;;;;;;;;;;;;;
02/07/2024 10:00:00 AM;963;0;0;5,4;;;;;;;;;;;;;;;;
02/07/2024 11:00:00 AM;1014;0;0;5,4;;;;;;;;;;;;;;;;
02/07/2024 12:00:00 PM;1003;0;0;0;;;;;;;;;;;;;;;;
02/07/2024 01:00:00 PM;1089;0,6;0;9,4;;;;;;;;;;;;;;;;
02/07/2024 02:00:00 PM;1042;0,6;0;9,4;;;;;;;;;;;;;;;;
02/07/2024 03:00:00 PM;1083;2,2;0;9,4;;;;;;;;;;;;;;;;
02/07/2024 04:00:00 PM;1194;5;0;11,2;;;;;;;;;;;;;;;;
02/07/2024 05:00:00 PM;1246;6,1;0;11,2;;;;;;;;;;;;;;;;
02/07/2024 06:00:00 PM;1070;7,2;0;18,4;;;;;;;;;;;;;;;;
02/07/2024 07:00:00 PM;904;7,8;0;18,4;;;;;;;;;;;;;;;;
02/07/2024 08:00:00 PM;700;7,8;0;18,4;;;;;;;;;;;;;;;;
02/07/2024 09:00:00 PM;506;8,3;0;11,2;;;;;;;;;;;;;;;;
02/07/2024 10:00:00 PM;325;7,2;0;13;;;;;;;;;;;;;;;;
02/07/2024 11:00:00 PM;260;7,2;0;14,8;;;;;;;;;;;;;;;;
02/08/2024 12:00:00 AM;145;6,7;0;25,9;;;;;;;;;;;;;;;;
02/08/2024 01:00:00 AM;62;6,7;0;25,9;;;;;;;;;;;;;;;;
02/08/2024 02:00:00 AM;43;6,1;0;9,4;;;;;;;;;;;;;;;;
02/08/2024 03:00:00 AM;34;5,6;0;11,2;;;;;;;;;;;;;;;;
02/08/2024 04:00:00 AM;70;6,1;0;14,8;;;;;;;;;;;;;;;;
02/08/2024 05:00:00 AM;151;6,1;0;14,8;;;;;;;;;;;;;;;;
02/08/2024 06:00:00 AM;315;7,2;0;13;;;;;;;;;;;;;;;;
02/08/2024 07:00:00 AM;665;9,4;0;13;;;;;;;;;;;;;;;;
02/08/2024 08:00:00 AM;1035;8,9;0;16,6;;;;;;;;;;;;;;;;
02/08/2024 09:00:00 AM;1041;9,4;0;18,4;;;;;;;;;;;;;;;;
02/08/2024 10:00:00 AM;953;9,4;0;18,4;;;;;;;;;;;;;;;;
02/08/2024 11:00:00 AM;1012;8,9;0;18,4;;;;;;;;;;;;;;;;
02/08/2024 12:00:00 PM;1027;7,8;0;14,8;;;;;;;;;;;;;;;;
02/08/2024 01:00:00 PM;1048;8,3;0;20,5;;;;;;;;;;;;;;;;
02/08/2024 02:00:00 PM;1132;10;0;24,1;;;;;;;;;;;;;;;;
02/08/2024 03:00:00 PM;1113;10;0;24,1;;;;;;;;;;;;;;;;
02/08/2024 04:00:00 PM;1241;13,9;0;24,1;;;;;;;;;;;;;;;;
02/08/2024 05:00:00 PM;1359;13,9;0;29,5;;;;;;;;;;;;;;;;
02/08/2024 06:00:00 PM;1210;13,9;0;37,1;;;;;;;;;;;;;;;;
02/08/2024 07:00:00 PM;959;13,3;0;37,1;;;;;;;;;;;;;;;;
02/08/2024 08:00:00 PM;769;13,3;0;31,7;;;;;;;;;;;;;;;;
02/08/2024 09:00:00 PM;703;13,9;0,3;27,7;;;;;;;;;;;;;;;;
02/08/2024 10:00:00 PM;603;13,9;0;27,7;;;;;;;;;;;;;;;;
02/08/2024 11:00:00 PM;397;13,9;0;35,3;;;;;;;;;;;;;;;;
02/09/2024 12:00:00 AM;192;13,3;0;27,7;;;;;;;;;;;;;;;;
02/09/2024 01:00:00 AM;78;11,7;0,3;24,1;;;;;;;;;;;;;;;;
02/09/2024 02:00:00 AM;62;12,2;0,1;24,1;;;;;;;;;;;;;;;;
02/09/2024 03:00:00 AM;65;12,2;0;27,7;;;;;;;;;;;;;;;;
02/09/2024 04:00:00 AM;87;12,2;0;35,3;;;;;;;;;;;;;;;;
02/09/2024 05:00:00 AM;147;12,2;0;35,3;;;;;;;;;;;;;;;;
02/09/2024 06:00:00 AM;263;10;0;22,3;;;;;;;;;;;;;;;;
02/09/2024 07:00:00 AM;509;7,2;0;18,4;;;;;;;;;;;;;;;;
02/09/2024 08:00:00 AM;728;6,7;0;16,6;;;;;;;;;;;;;;;;
02/09/2024 09:00:00 AM;860;6,1;0;16,6;;;;;;;;;;;;;;;;
02/09/2024 10:00:00 AM;789;6,1;0;16,6;;;;;;;;;;;;;;;;
02/09/2024 11:00:00 AM;839;5,6;0;11,2;;;;;;;;;;;;;;;;
02/09/2024 12:00:00 PM;906;5,6;0;16,6;;;;;;;;;;;;;;;;
02/09/2024 01:00:00 PM;1010;7,2;0;24,1;;;;;;;;;;;;;;;;
02/09/2024 02:00:00 PM;1070;8,9;0;27,7;;;;;;;;;;;;;;;;
02/09/2024 03:00:00 PM;991;8,9;0;27,7;;;;;;;;;;;;;;;;
02/09/2024 04:00:00 PM;1020;10,6;0;31,7;;;;;;;;;;;;;;;;
02/09/2024 05:00:00 PM;1110;10,6;0;31,7;;;;;;;;;;;;;;;;
02/09/2024 06:00:00 PM;1095;12,8;0;31,7;;;;;;;;;;;;;;;;
02/09/2024 07:00:00 PM;954;12,8;0;37,1;;;;;;;;;;;;;;;;
02/09/2024 08:00:00 PM;647;12,8;0;25,9;;;;;;;;;;;;;;;;
02/09/2024 09:00:00 PM;572;12,8;0;25,9;;;;;;;;;;;;;;;;
02/09/2024 10:00:00 PM;492;12,2;0;24,1;;;;;;;;;;;;;;;;
02/09/2024 11:00:00 PM;435;10,6;0;13;;;;;;;;;;;;;;;;
02/10/2024 12:00:00 AM;263;10,6;0;13;;;;;;;;;;;;;;;;
02/10/2024 01:00:00 AM;215;7,2;0;13;;;;;;;;;;;;;;;;
02/10/2024 02:00:00 AM;127;5,6;0;18,4;;;;;;;;;;;;;;;;
02/10/2024 03:00:00 AM;101;4,4;0;16,6;;;;;;;;;;;;;;;;
02/10/2024 04:00:00 AM;86;4,4;0;16,6;;;;;;;;;;;;;;;;
02/10/2024 05:00:00 AM;104;3,3;0;13;;;;;;;;;;;;;;;;
02/10/2024 06:00:00 AM;127;1,7;0;5,4;;;;;;;;;;;;;;;;
02/10/2024 07:00:00 AM;179;1,1;0;5,4;;;;;;;;;;;;;;;;
02/10/2024 08:00:00 AM;246;0,6;0;9,4;;;;;;;;;;;;;;;;
02/10/2024 09:00:00 AM;423;0,6;0;9,4;;;;;;;;;;;;;;;;
02/10/2024 10:00:00 AM;488;0,6;0;20,5;;;;;;;;;;;;;;;;
02/10/2024 11:00:00 AM;594;0;0;22,3;;;;;;;;;;;;;;;;
02/10/2024 12:00:00 PM;585;0,6;0;11,2;;;;;;;;;;;;;;;;
02/10/2024 01:00:00 PM;626;1,1;0;22,3;;;;;;;;;;;;;;;;
02/10/2024 02:00:00 PM;669;1,1;0;22,3;;;;;;;;;;;;;;;;
02/10/2024 03:00:00 PM;648;2,2;0;16,6;;;;;;;;;;;;;;;;
02/10/2024 04:00:00 PM;700;2,2;0;16,6;;;;;;;;;;;;;;;;
02/10/2024 05:00:00 PM;748;2,8;0;22,3;;;;;;;;;;;;;;;;
02/10/2024 06:00:00 PM;771;2,8;0;22,3;;;;;;;;;;;;;;;;
02/10/2024 07:00:00 PM;666;3,9;0;16,6;;;;;;;;;;;;;;;;
02/10/2024 08:00:00 PM;542;5;0;11,2;;;;;;;;;;;;;;;;
02/10/2024 09:00:00 PM;425;5;0;18,4;;;;;;;;;;;;;;;;
02/10/2024 10:00:00 PM;415;4,4;0;11,2;;;;;;;;;;;;;;;;
02/10/2024 11:00:00 PM;351;3,9;0;7,6;;;;;;;;;;;;;;;;
02/11/2024 12:00:00 AM;271;3,9;0;7,6;;;;;;;;;;;;;;;;
02/11/2024 01:00:00 AM;194;2,2;0;5,4;;;;;;;;;;;;;;;;
02/11/2024 02:00:00 AM;136;1,1;0;5,4;;;;;;;;;;;;;;;;
02/11/2024 03:00:00 AM;111;1,1;0;5,4;;;;;;;;;;;;;;;;
02/11/2024 04:00:00 AM;81;0,6;0;5,4;;;;;;;;;;;;;;;;
02/11/2024 05:00:00 AM;71;0,6;0;5,4;;;;;;;;;;;;;;;;
02/11/2024 06:00:00 AM;133;-2,2;0;11,2;;;;;;;;;;;;;;;;
02/11/2024 07:00:00 AM;189;-1,7;0;9,4;;;;;;;;;;;;;;;;
02/11/2024 08:00:00 AM;263;-2,8;0;7,6;;;;;;;;;;;;;;;;
02/11/2024 09:00:00 AM;381;-2,8;0;7,6;;;;;;;;;;;;;;;;
02/11/2024 10:00:00 AM;441;-2,8;0;13;;;;;;;;;;;;;;;;
02/11/2024 11:00:00 AM;519;-2,8;0;11,2;;;;;;;;;;;;;;;;
02/11/2024 12:00:00 PM;568;-2,2;0;7,6;;;;;;;;;;;;;;;;
02/11/2024 01:00:00 PM;595;-2,2;0;9,4;;;;;;;;;;;;;;;;
02/11/2024 02:00:00 PM;641;-2,2;0;9,4;;;;;;;;;;;;;;;;
02/11/2024 03:00:00 PM;630;0,6;0;11,2;;;;;;;;;;;;;;;;
02/11/2024 04:00:00 PM;739;1,1;0;5,4;;;;;;;;;;;;;;;;
02/11/2024 05:00:00 PM;788;3,3;0;9,4;;;;;;;;;;;;;;;;
02/11/2024 06:00:00 PM;609;3,9;0;13;;;;;;;;;;;;;;;;
02/11/2024 07:00:00 PM;640;3,9;0;13;;;;;;;;;;;;;;;;
02/11/2024 08:00:00 PM;518;4,4;0;16,6;;;;;;;;;;;;;;;;
02/11/2024 09:00:00 PM;392;3,9;0;9,4;;;;;;;;;;;;;;;;
02/11/2024 10:00:00 PM;512;2,8;0;11,2;;;;;;;;;;;;;;;;
02/11/2024 11:00:00 PM;290;1,1;0;13;;;;;;;;;;;;;;;;
02/12/2024 12:00:00 AM;140;1,1;0;13;;;;;;;;;;;;;;;;
02/12/2024 01:00:00 AM;76;0;0;0;;;;;;;;;;;;;;;;
02/12/2024 02:00:00 AM;38;0;0;0;;;;;;;;;;;;;;;;
02/12/2024 03:00:00 AM;57;-1,1;0;0;;;;;;;;;;;;;;;;
02/12/2024 04:00:00 AM;86;-1,1;0;0;;;;;;;;;;;;;;;;
02/12/2024 05:00:00 AM;174;-1,7;0;5,4;;;;;;;;;;;;;;;;
02/12/2024 06:00:00 AM;322;-1,7;0;5,4;;;;;;;;;;;;;;;;
02/12/2024 07:00:00 AM;596;-2,8;0;7,6;;;;;;;;;;;;;;;;
02/12/2024 08:00:00 AM;938;-2,8;0;7,6;;;;;;;;;;;;;;;;
02/12/2024 09:00:00 AM;1049;-2,8;0;5,4;;;;;;;;;;;;;;;;
02/12/2024 10:00:00 AM;910;-3,3;0;0;;;;;;;;;;;;;;;;
02/12/2024 11:00:00 AM;912;-3,3;0;5,4;;;;;;;;;;;;;;;;
02/12/2024 12:00:00 PM;895;-3,3;0;5,4;;;;;;;;;;;;;;;;
02/12/2024 01:00:00 PM;978;-2,2;0;9,4;;;;;;;;;;;;;;;;
02/12/2024 02:00:00 PM;980;0;0;13;;;;;;;;;;;;;;;;
02/12/2024 03:00:00 PM;995;2,2;0;11,2;;;;;;;;;;;;;;;;
02/12/2024 04:00:00 PM;987;4,4;0;9,4;;;;;;;;;;;;;;;;
02/12/2024 05:00:00 PM;1027;4,4;0;9,4;;;;;;;;;;;;;;;;
02/12/2024 06:00:00 PM;898;6,1;0;14,8;;;;;;;;;;;;;;;;
02/12/2024 07:00:00 PM;826;6,7;0;13;;;;;;;;;;;;;;;;
02/12/2024 08:00:00 PM;643;7,2;0;13;;;;;;;;;;;;;;;;
02/12/2024 09:00:00 PM;484;7,8;0;13;;;;;;;;;;;;;;;;
02/12/2024 10:00:00 PM;359;7,8;0;13;;;;;;;;;;;;;;;;
02/12/2024 11:00:00 PM;293;5,6;0;11,2;;;;;;;;;;;;;;;;
02/13/2024 12:00:00 AM;186;4,4;0;9,4;;;;;;;;;;;;;;;;
02/13/2024 01:00:00 AM;89;3,3;0;5,4;;;;;;;;;;;;;;;;
02/13/2024 02:00:00 AM;37;3,3;0;5,4;;;;;;;;;;;;;;;;
02/13/2024 03:00:00 AM;37;2,8;0;9,4;;;;;;;;;;;;;;;;
02/13/2024 04:00:00 AM;59;2,2;0;7,6;;;;;;;;;;;;;;;;
02/13/2024 05:00:00 AM;138;1,7;0;11,2;;;;;;;;;;;;;;;;
02/13/2024 06:00:00 AM;296;1,1;0;13;;;;;;;;;;;;;;;;
02/13/2024 07:00:00 AM;702;1,1;0;13;;;;;;;;;;;;;;;;
02/13/2024 08:00:00 AM;1096;0,6;0;13;;;;;;;;;;;;;;;;
02/13/2024 09:00:00 AM;1117;0;0;14,8;;;;;;;;;;;;;;;;
02/13/2024 10:00:00 AM;932;-1,1;0;9,4;;;;;;;;;;;;;;;;
02/13/2024 11:00:00 AM;960;-1,1;0;11,2;;;;;;;;;;;;;;;;
02/13/2024 12:00:00 PM;985;-1,1;0;11,2;;;;;;;;;;;;;;;;
02/13/2024 01:00:00 PM;1058;-0,6;0;16,6;;;;;;;;;;;;;;;;
02/13/2024 02:00:00 PM;1033;1,1;0;18,4;;;;;;;;;;;;;;;;
02/13/2024 03:00:00 PM;1073;2,8;0;18,4;;;;;;;;;;;;;;;;
02/13/2024 04:00:00 PM;1191;2,8;0;18,4;;;;;;;;;;;;;;;;
02/13/2024 05:00:00 PM;1248;2,2;0;16,6;;;;;;;;;;;;;;;;
02/13/2024 06:00:00 PM;1207;3,3;0;14,8;;;;;;;;;;;;;;;;
02/13/2024 07:00:00 PM;968;4,4;0;7,6;;;;;;;;;;;;;;;;
02/13/2024 08:00:00 PM;683;3,9;0;14,8;;;;;;;;;;;;;;;;
02/13/2024 09:00:00 PM;512;3,9;0;14,8;;;;;;;;;;;;;;;;
02/13/2024 10:00:00 PM;427;2,2;0;11,2;;;;;;;;;;;;;;;;
02/13/2024 11:00:00 PM;286;1,1;0;9,4;;;;;;;;;;;;;;;;
02/14/2024 12:00:00 AM;140;0,6;0;5,4;;;;;;;;;;;;;;;;
02/14/2024 01:00:00 AM;54;0,6;0;5,4;;;;;;;;;;;;;;;;
02/14/2024 02:00:00 AM;31;0,6;0;5,4;;;;;;;;;;;;;;;;
02/14/2024 03:00:00 AM;45;-0,6;0;0;;;;;;;;;;;;;;;;
02/14/2024 04:00:00 AM;76;-0,6;0;0;;;;;;;;;;;;;;;;
02/14/2024 05:00:00 AM;148;-1,1;0;0;;;;;;;;;;;;;;;;
02/14/2024 06:00:00 AM;348;-1,1;0;0;;;;;;;;;;;;;;;;
02/14/2024 07:00:00 AM;712;-2,2;0;0;;;;;;;;;;;;;;;;
02/14/2024 08:00:00 AM;1138;-2,8;0;0;;;;;;;;;;;;;;;;
02/14/2024 09:00:00 AM;1189;-2,8;0;0;;;;;;;;;;;;;;;;
02/14/2024 10:00:00 AM;1030;-3,3;0;0;;;;;;;;;;;;;;;;
02/14/2024 11:00:00 AM;1095;-3,3;0;0;;;;;;;;;;;;;;;;
02/14/2024 12:00:00 PM;1215;-3,3;0;0;;;;;;;;;;;;;;;;
02/14/2024 01:00:00 PM;1167;-1,1;0;7,6;;;;;;;;;;;;;;;;
02/14/2024 02:00:00 PM;1145;1,1;0;11,2;;;;;;;;;;;;;;;;
02/14/2024 03:00:00 PM;1235;2,8;0;9,4;;;;;;;;;;;;;;;;
02/14/2024 04:00:00 PM;1354;2,8;0;9,4;;;;;;;;;;;;;;;;
02/14/2024 05:00:00 PM;1339;6,1;0;14,8;;;;;;;;;;;;;;;;
02/14/2024 06:00:00 PM;1249;7,2;0;11,2;;;;;;;;;;;;;;;;
02/14/2024 07:00:00 PM;1089;7,8;0;11,2;;;;;;;;;;;;;;;;
02/14/2024 08:00:00 PM;794;7,8;0;9,4;;;;;;;;;;;;;;;;
02/14/2024 09:00:00 PM;534;7,8;0;9,4;;;;;;;;;;;;;;;;
02/14/2024 10:00:00 PM;426;7,2;0;13;;;;;;;;;;;;;;;;
02/14/2024 11:00:00 PM;279;7,2;0;13;;;;;;;;;;;;;;;;
02/15/2024 12:00:00 AM;122;5;0;11,2;;;;;;;;;;;;;;;;
02/15/2024 01:00:00 AM;85;5;0;11,2;;;;;;;;;;;;;;;;
02/15/2024 02:00:00 AM;36;5;0;18,4;;;;;;;;;;;;;;;;
02/15/2024 03:00:00 AM;37;5;0;18,4;;;;;;;;;;;;;;;;
02/15/2024 04:00:00 AM;76;5;0;20,5;;;;;;;;;;;;;;;;
02/15/2024 05:00:00 AM;162;5;0;13;;;;;;;;;;;;;;;;
02/15/2024 06:00:00 AM;378;5;0;16,6;;;;;;;;;;;;;;;;
02/15/2024 07:00:00 AM;735;4,4;0;14,8;;;;;;;;;;;;;;;;
02/15/2024 08:00:00 AM;1166;4,4;0,6;14,8;;;;;;;;;;;;;;;;
02/15/2024 09:00:00 AM;1104;6,1;0,6;14,8;;;;;;;;;;;;;;;;
02/15/2024 10:00:00 AM;1001;4,4;0,9;11,2;;;;;;;;;;;;;;;;
02/15/2024 11:00:00 AM;1062;4,4;0,8;11,2;;;;;;;;;;;;;;;;
02/15/2024 12:00:00 PM;1092;5,6;1;22,3;;;;;;;;;;;;;;;;
02/15/2024 01:00:00 PM;1109;5,6;0,3;25,9;;;;;;;;;;;;;;;;
02/15/2024 02:00:00 PM;1104;3,9;0;27,7;;;;;;;;;;;;;;;;
02/15/2024 03:00:00 PM;1093;3,9;0;27,7;;;;;;;;;;;;;;;;
02/15/2024 04:00:00 PM;1188;3,9;0;35,3;;;;;;;;;;;;;;;;
02/15/2024 05:00:00 PM;1312;5;0;31,7;;;;;;;;;;;;;;;;
02/15/2024 06:00:00 PM;1303;4,4;0;29,5;;;;;;;;;;;;;;;;
02/15/2024 07:00:00 PM;1145;5,6;0;33,5;;;;;;;;;;;;;;;;
02/15/2024 08:00:00 PM;855;6,7;0;24,1;;;;;;;;;;;;;;;;
02/15/2024 09:00:00 PM;670;5,6;0;25,9;;;;;;;;;;;;;;;;
02/15/2024 10:00:00 PM;567;4,4;0;16,6;;;;;;;;;;;;;;;;
02/15/2024 11:00:00 PM;389;4,4;0;16,6;;;;;;;;;;;;;;;;
02/16/2024 12:00:00 AM;198;2,2;0;18,4;;;;;;;;;;;;;;;;
02/16/2024 01:00:00 AM;92;1,7;0;11,2;;;;;;;;;;;;;;;;
02/16/2024 02:00:00 AM;61;0,6;0;13;;;;;;;;;;;;;;;;
02/16/2024 03:00:00 AM;51;0,6;0;13;;;;;;;;;;;;;;;;
02/16/2024 04:00:00 AM;76;0;0;14,8;;;;;;;;;;;;;;;;
02/16/2024 05:00:00 AM;137;-0,6;0;13;;;;;;;;;;;;;;;;
02/16/2024 06:00:00 AM;281;-1,7;0;16,6;;;;;;;;;;;;;;;;
02/16/2024 07:00:00 AM;505;-2,2;0;14,8;;;;;;;;;;;;;;;;
02/16/2024 08:00:00 AM;792;-2,2;0;14,8;;;;;;;;;;;;;;;;
02/16/2024 09:00:00 AM;945;-2,2;0;11,2;;;;;;;;;;;;;;;;
02/16/2024 10:00:00 AM;927;-2,8;0;13;;;;;;;;;;;;;;;;
02/16/2024 11:00:00 AM;937;-2,8;0;11,2;;;;;;;;;;;;;;;;
02/16/2024 12:00:00 PM;1010;-2,8;0;11,2;;;;;;;;;;;;;;;;
02/16/2024 01:00:00 PM;1051;-2,8;0;11,2;;;;;;;;;;;;;;;;
02/16/2024 02:00:00 PM;1095;-2,2;0;9,4;;;;;;;;;;;;;;;;
02/16/2024 03:00:00 PM;1099;-1,7;0;5,4;;;;;;;;;;;;;;;;
02/16/2024 04:00:00 PM;1105;-1,1;0;9,4;;;;;;;;;;;;;;;;
02/16/2024 05:00:00 PM;1114;-1,1;0;9,4;;;;;;;;;;;;;;;;
02/16/2024 06:00:00 PM;1109;-1,1;0;11,2;;;;;;;;;;;;;;;;
02/16/2024 07:00:00 PM;959;-0,6;0;13;;;;;;;;;;;;;;;;
02/16/2024 08:00:00 PM;766;0;0;14,8;;;;;;;;;;;;;;;;
02/16/2024 09:00:00 PM;551;0;0;13;;;;;;;;;;;;;;;;
02/16/2024 10:00:00 PM;484;0;0;13;;;;;;;;;;;;;;;;
02/16/2024 11:00:00 PM;421;-1,1;0;14,8;;;;;;;;;;;;;;;;
02/17/2024 12:00:00 AM;274;-1,1;0;11,2;;;;;;;;;;;;;;;;
02/17/2024 01:00:00 AM;192;-1,1;0;18,4;;;;;;;;;;;;;;;;
02/17/2024 02:00:00 AM;153;-1,7;0;18,4;;;;;;;;;;;;;;;;
02/17/2024 03:00:00 AM;110;-1,7;0;22,3;;;;;;;;;;;;;;;;
02/17/2024 04:00:00 AM;87;-4,4;0;24,1;;;;;;;;;;;;;;;;
02/17/2024 05:00:00 AM;114;-7,2;0;24,1;;;;;;;;;;;;;;;;
02/17/2024 06:00:00 AM;133;-8,9;0;24,1;;;;;;;;;;;;;;;;
02/17/2024 07:00:00 AM;214;-9,4;0;22,3;;;;;;;;;;;;;;;;
02/17/2024 08:00:00 AM;296;-9,4;0;22,3;;;;;;;;;;;;;;;;
02/17/2024 09:00:00 AM;505;-10;0;16,6;;;;;;;;;;;;;;;;
02/17/2024 10:00:00 AM;608;-10,6;0;16,6;;;;;;;;;;;;;;;;
02/17/2024 11:00:00 AM;703;-10,6;0;13;;;;;;;;;;;;;;;;
02/17/2024 12:00:00 PM;830;-10,6;0;13;;;;;;;;;;;;;;;;
02/17/2024 01:00:00 PM;858;-10;0;18,4;;;;;;;;;;;;;;;;
02/17/2024 02:00:00 PM;841;-8,9;0;22,3;;;;;;;;;;;;;;;;
02/17/2024 03:00:00 PM;732;-7,2;0;20,5;;;;;;;;;;;;;;;;
02/17/2024 04:00:00 PM;775;-6,1;0;25,9;;;;;;;;;;;;;;;;
02/17/2024 05:00:00 PM;820;-6,1;0;25,9;;;;;;;;;;;;;;;;
02/17/2024 06:00:00 PM;863;-3,3;0;20,5;;;;;;;;;;;;;;;;
02/17/2024 07:00:00 PM;833;-2,2;0;29,5;;;;;;;;;;;;;;;;
02/17/2024 08:00:00 PM;622;-2,2;0;33,5;;;;;;;;;;;;;;;;
02/17/2024 09:00:00 PM;545;-1,7;0;31,7;;;;;;;;;;;;;;;;
02/17/2024 10:00:00 PM;458;-1,7;0;31,7;;;;;;;;;;;;;;;;
02/17/2024 11:00:00 PM;348;-3,3;0;29,5;;;;;;;;;;;;;;;;
02/18/2024 12:00:00 AM;337;-3,9;0;29,5;;;;;;;;;;;;;;;;
02/18/2024 01:00:00 AM;196;-5;0;29,5;;;;;;;;;;;;;;;;
02/18/2024 02:00:00 AM;169;-5;0;37,1;;;;;;;;;;;;;;;;
02/18/2024 03:00:00 AM;136;-4,4;0;33,5;;;;;;;;;;;;;;;;
02/18/2024 04:00:00 AM;107;-5;0;31,7;;;;;;;;;;;;;;;;
02/18/2024 05:00:00 AM;97;-5;0;31,7;;;;;;;;;;;;;;;;
02/18/2024 06:00:00 AM;161;-4,4;0;31,7;;;;;;;;;;;;;;;;
02/18/2024 07:00:00 AM;189;-4,4;0;31,7;;;;;;;;;;;;;;;;
02/18/2024 08:00:00 AM;279;-4,4;0;29,5;;;;;;;;;;;;;;;;
02/18/2024 09:00:00 AM;419;-3,9;0;25,9;;;;;;;;;;;;;;;;
02/18/2024 10:00:00 AM;558;-3,9;0;20,5;;;;;;;;;;;;;;;;
02/18/2024 11:00:00 AM;622;-3,9;0;22,3;;;;;;;;;;;;;;;;
02/18/2024 12:00:00 PM;698;-3,9;0;22,3;;;;;;;;;;;;;;;;
02/18/2024 01:00:00 PM;699;-3,3;0;16,6;;;;;;;;;;;;;;;;
02/18/2024 02:00:00 PM;702;-0,6;0;16,6;;;;;;;;;;;;;;;;
02/18/2024 03:00:00 PM;686;1,1;0;27,7;;;;;;;;;;;;;;;;
02/18/2024 04:00:00 PM;741;3,3;0;20,5;;;;;;;;;;;;;;;;
02/18/2024 05:00:00 PM;695;5;0;25,9;;;;;;;;;;;;;;;;
02/18/2024 06:00:00 PM;719;5;0;25,9;;;;;;;;;;;;;;;;
02/18/2024 07:00:00 PM;639;7,2;0;20,5;;;;;;;;;;;;;;;;
02/18/2024 08:00:00 PM;492;7,2;0;20,5;;;;;;;;;;;;;;;;
02/18/2024 09:00:00 PM;374;7,2;0;25,9;;;;;;;;;;;;;;;;
02/18/2024 10:00:00 PM;304;7,2;0;22,3;;;;;;;;;;;;;;;;
02/18/2024 11:00:00 PM;270;5;0;9,4;;;;;;;;;;;;;;;;
02/19/2024 12:00:00 AM;191;3,9;0;7,6;;;;;;;;;;;;;;;;
02/19/2024 01:00:00 AM;120;1,1;0;5,4;;;;;;;;;;;;;;;;
02/19/2024 02:00:00 AM;51;1,1;0;5,4;;;;;;;;;;;;;;;;
02/19/2024 03:00:00 AM;53;1,1;0;7,6;;;;;;;;;;;;;;;;
02/19/2024 04:00:00 AM;63;0;0;7,6;;;;;;;;;;;;;;;;
02/19/2024 05:00:00 AM;112;-2,2;0;7,6;;;;;;;;;;;;;;;;
02/19/2024 06:00:00 AM;239;-2,2;0;0;;;;;;;;;;;;;;;;
02/19/2024 07:00:00 AM;412;-2,2;0;0;;;;;;;;;;;;;;;;
02/19/2024 08:00:00 AM;607;-4,4;0;0;;;;;;;;;;;;;;;;
02/19/2024 09:00:00 AM;745;-4,4;0;0;;;;;;;;;;;;;;;;
02/19/2024 10:00:00 AM;800;-5;0;0;;;;;;;;;;;;;;;;
02/19/2024 11:00:00 AM;853;-4,4;0;0;;;;;;;;;;;;;;;;
02/19/2024 12:00:00 PM;816;-4,4;0;0;;;;;;;;;;;;;;;;
02/19/2024 01:00:00 PM;951;-2,8;0;0;;;;;;;;;;;;;;;;
02/19/2024 02:00:00 PM;1027;0,6;0;0;;;;;;;;;;;;;;;;
02/19/2024 03:00:00 PM;912;3,3;0;7,6;;;;;;;;;;;;;;;;
02/19/2024 04:00:00 PM;870;6,1;0;14,8;;;;;;;;;;;;;;;;
02/19/2024 05:00:00 PM;874;6,1;0;14,8;;;;;;;;;;;;;;;;
02/19/2024 06:00:00 PM;902;8,9;0;5,4;;;;;;;;;;;;;;;;
02/19/2024 07:00:00 PM;802;9,4;0;9,4;;;;;;;;;;;;;;;;
02/19/2024 08:00:00 PM;668;9,4;0;11,2;;;;;;;;;;;;;;;;
02/19/2024 09:00:00 PM;420;9,4;0;11,2;;;;;;;;;;;;;;;;
02/19/2024 10:00:00 PM;355;9,4;0;13;;;;;;;;;;;;;;;;
02/19/2024 11:00:00 PM;304;8,3;0;7,6;;;;;;;;;;;;;;;;
02/20/2024 12:00:00 AM;198;6,7;0;7,6;;;;;;;;;;;;;;;;
02/20/2024 01:00:00 AM;63;5,6;0;9,4;;;;;;;;;;;;;;;;
02/20/2024 02:00:00 AM;41;5,6;0;9,4;;;;;;;;;;;;;;;;
02/20/2024 03:00:00 AM;57;2,8;0;11,2;;;;;;;;;;;;;;;;
02/20/2024 04:00:00 AM;62;2,2;0;7,6;;;;;;;;;;;;;;;;
02/20/2024 05:00:00 AM;160;1,7;0;7,6;;;;;;;;;;;;;;;;
02/20/2024 06:00:00 AM;306;0,6;0;5,4;;;;;;;;;;;;;;;;
02/20/2024 07:00:00 AM;749;0,6;0;5,4;;;;;;;;;;;;;;;;
02/20/2024 08:00:00 AM;1134;-1,1;0;5,4;;;;;;;;;;;;;;;;
02/20/2024 09:00:00 AM;1210;-1,1;0;7,6;;;;;;;;;;;;;;;;
02/20/2024 10:00:00 AM;989;-0,6;0;9,4;;;;;;;;;;;;;;;;
02/20/2024 11:00:00 AM;1081;-0,6;0;9,4;;;;;;;;;;;;;;;;
02/20/2024 12:00:00 PM;1025;-1,1;0;7,6;;;;;;;;;;;;;;;;
02/20/2024 01:00:00 PM;1026;1,1;0;9,4;;;;;;;;;;;;;;;;
02/20/2024 02:00:00 PM;1095;4,4;0;11,2;;;;;;;;;;;;;;;;
02/20/2024 03:00:00 PM;1108;8,3;0;14,8;;;;;;;;;;;;;;;;
02/20/2024 04:00:00 PM;1195;8,3;0;14,8;;;;;;;;;;;;;;;;
02/20/2024 05:00:00 PM;1184;10,6;0;16,6;;;;;;;;;;;;;;;;
02/20/2024 06:00:00 PM;1051;13,3;0;22,3;;;;;;;;;;;;;;;;
02/20/2024 07:00:00 PM;859;13,3;0;18,4;;;;;;;;;;;;;;;;
02/20/2024 08:00:00 PM;702;13,9;0;27,7;;;;;;;;;;;;;;;;
02/20/2024 09:00:00 PM;499;13,9;0;27,7;;;;;;;;;;;;;;;;
02/20/2024 10:00:00 PM;386;12,8;0;20,5;;;;;;;;;;;;;;;;
02/20/2024 11:00:00 PM;272;11,7;0;18,4;;;;;;;;;;;;;;;;
02/21/2024 12:00:00 AM;165;10,6;0;16,6;;;;;;;;;;;;;;;;
02/21/2024 01:00:00 AM;64;10;0;14,8;;;;;;;;;;;;;;;;
02/21/2024 02:00:00 AM;36;10;0;14,8;;;;;;;;;;;;;;;;
02/21/2024 03:00:00 AM;39;8,9;0;14,8;;;;;;;;;;;;;;;;
02/21/2024 04:00:00 AM;73;8,3;0;16,6;;;;;;;;;;;;;;;;
02/21/2024 05:00:00 AM;183;8,3;0;14,8;;;;;;;;;;;;;;;;
02/21/2024 06:00:00 AM;343;8,3;0;14,8;;;;;;;;;;;;;;;;
02/21/2024 07:00:00 AM;779;8,3;0;14,8;;;;;;;;;;;;;;;;
02/21/2024 08:00:00 AM;1157;8,3;0;14,8;;;;;;;;;;;;;;;;
02/21/2024 09:00:00 AM;1127;8,3;0;14,8;;;;;;;;;;;;;;;;
02/21/2024 10:00:00 AM;1101;7,8;0;16,6;;;;;;;;;;;;;;;;
02/21/2024 11:00:00 AM;1165;7,8;0;16,6;;;;;;;;;;;;;;;;
02/21/2024 12:00:00 PM;1197;7,8;0;13;;;;;;;;;;;;;;;;
02/21/2024 01:00:00 PM;1202;8,3;0;16,6;;;;;;;;;;;;;;;;
02/21/2024 02:00:00 PM;1216;10;0;18,4;;;;;;;;;;;;;;;;
02/21/2024 03:00:00 PM;1256;12,2;0;18,4;;;;;;;;;;;;;;;;
02/21/2024 04:00:00 PM;1463;12,2;0;24,1;;;;;;;;;;;;;;;;
02/21/2024 05:00:00 PM;1423;16,1;0;29,5;;;;;;;;;;;;;;;;
02/21/2024 06:00:00 PM;1308;17,2;0;22,3;;;;;;;;;;;;;;;;
02/21/2024 07:00:00 PM;1116;16,7;0;25,9;;;;;;;;;;;;;;;;
02/21/2024 08:00:00 PM;852;16,7;0;20,5;;;;;;;;;;;;;;;;
02/21/2024 09:00:00 PM;680;16,7;0;20,5;;;;;;;;;;;;;;;;
02/21/2024 10:00:00 PM;452;16,1;0;11,2;;;;;;;;;;;;;;;;
02/21/2024 11:00:00 PM;299;14,4;0;7,6;;;;;;;;;;;;;;;;
02/22/2024 12:00:00 AM;187;12,8;0;5,4;;;;;;;;;;;;;;;;
02/22/2024 01:00:00 AM;72;12,2;0;5,4;;;;;;;;;;;;;;;;
02/22/2024 02:00:00 AM;40;12,2;0;5,4;;;;;;;;;;;;;;;;
02/22/2024 03:00:00 AM;44;10,6;0;13;;;;;;;;;;;;;;;;
02/22/2024 04:00:00 AM;80;10;0;9,4;;;;;;;;;;;;;;;;
02/22/2024 05:00:00 AM;160;9,4;0;13;;;;;;;;;;;;;;;;
02/22/2024 06:00:00 AM;400;8,9;0;5,4;;;;;;;;;;;;;;;;
02/22/2024 07:00:00 AM;853;8,9;0;5,4;;;;;;;;;;;;;;;;
02/22/2024 08:00:00 AM;1253;9,4;0;13;;;;;;;;;;;;;;;;
02/22/2024 09:00:00 AM;1332;8,3;0;11,2;;;;;;;;;;;;;;;;
02/22/2024 10:00:00 AM;1163;8,9;0;5,4;;;;;;;;;;;;;;;;
02/22/2024 11:00:00 AM;1145;8,9;0;5,4;;;;;;;;;;;;;;;;
02/22/2024 12:00:00 PM;1230;5,6;0;9,4;;;;;;;;;;;;;;;;
02/22/2024 01:00:00 PM;1211;7,2;0;14,8;;;;;;;;;;;;;;;;
02/22/2024 02:00:00 PM;1247;8,9;0;11,2;;;;;;;;;;;;;;;;
02/22/2024 03:00:00 PM;1252;11,7;0;13;;;;;;;;;;;;;;;;
02/22/2024 04:00:00 PM;1426;11,7;0;13;;;;;;;;;;;;;;;;
02/22/2024 05:00:00 PM;1545;12,2;0;13;;;;;;;;;;;;;;;;
02/22/2024 06:00:00 PM;1622;13,9;0;9,4;;;;;;;;;;;;;;;;
02/22/2024 07:00:00 PM;1335;15;0;9,4;;;;;;;;;;;;;;;;
02/22/2024 08:00:00 PM;1066;15,6;0;0;;;;;;;;;;;;;;;;
02/22/2024 09:00:00 PM;729;15,6;0;0;;;;;;;;;;;;;;;;
02/22/2024 10:00:00 PM;573;15;0;5,4;;;;;;;;;;;;;;;;
02/22/2024 11:00:00 PM;325;13,9;0;7,6;;;;;;;;;;;;;;;;
02/23/2024 12:00:00 AM;242;13,3;0;7,6;;;;;;;;;;;;;;;;
02/23/2024 01:00:00 AM;128;13,3;0;7,6;;;;;;;;;;;;;;;;
02/23/2024 02:00:00 AM;55;11,1;0;11,2;;;;;;;;;;;;;;;;
02/23/2024 03:00:00 AM;59;10;0;11,2;;;;;;;;;;;;;;;;
02/23/2024 04:00:00 AM;89;9,4;0;11,2;;;;;;;;;;;;;;;;
02/23/2024 05:00:00 AM;180;8,9;0;14,8;;;;;;;;;;;;;;;;
02/23/2024 06:00:00 AM;320;8,9;0;14,8;;;;;;;;;;;;;;;;
02/23/2024 07:00:00 AM;673;7,2;0;14,8;;;;;;;;;;;;;;;;
02/23/2024 08:00:00 AM;1006;6,1;0;16,6;;;;;;;;;;;;;;;;
02/23/2024 09:00:00 AM;1040;5,6;0;16,6;;;;;;;;;;;;;;;;
02/23/2024 10:00:00 AM;981;5,6;0;16,6;;;;;;;;;;;;;;;;
02/23/2024 11:00:00 AM;1039;3,9;0;16,6;;;;;;;;;;;;;;;;
02/23/2024 12:00:00 PM;1081;2,8;0;14,8;;;;;;;;;;;;;;;;
02/23/2024 01:00:00 PM;1209;3,9;0;14,8;;;;;;;;;;;;;;;;
02/23/2024 02:00:00 PM;1311;5,6;0;16,6;;;;;;;;;;;;;;;;
02/23/2024 03:00:00 PM;1290;7,8;0;13;;;;;;;;;;;;;;;;
02/23/2024 04:00:00 PM;1354;7,8;0;13;;;;;;;;;;;;;;;;
02/23/2024 05:00:00 PM;1591;10;0;18,4;;;;;;;;;;;;;;;;
02/23/2024 06:00:00 PM;1635;10,6;0;13;;;;;;;;;;;;;;;;
02/23/2024 07:00:00 PM;1463;7,2;0;13;;;;;;;;;;;;;;;;
02/23/2024 08:00:00 PM;924;7,2;0;25,9;;;;;;;;;;;;;;;;
02/23/2024 09:00:00 PM;714;3,3;0;25,9;;;;;;;;;;;;;;;;
02/23/2024 10:00:00 PM;702;2,2;0;31,7;;;;;;;;;;;;;;;;
02/23/2024 11:00:00 PM;494;2,2;0;27,7;;;;;;;;;;;;;;;;
02/24/2024 12:00:00 AM;314;0;0,2;31,7;;;;;;;;;;;;;;;;
02/24/2024 01:00:00 AM;187;-1,1;0,5;29,5;;;;;;;;;;;;;;;;
02/24/2024 02:00:00 AM;130;-1,7;0,9;37,1;;;;;;;;;;;;;;;;
02/24/2024 03:00:00 AM;106;-2,2;0,5;35,3;;;;;;;;;;;;;;;;
02/24/2024 04:00:00 AM;84;-2,2;0;31,7;;;;;;;;;;;;;;;;
02/24/2024 05:00:00 AM;95;-2,2;0;35,3;;;;;;;;;;;;;;;;
02/24/2024 06:00:00 AM;208;-2,2;0;31,7;;;;;;;;;;;;;;;;
02/24/2024 07:00:00 AM;288;-3,9;0;35,3;;;;;;;;;;;;;;;;
02/24/2024 08:00:00 AM;458;-3,9;0;29,5;;;;;;;;;;;;;;;;
02/24/2024 09:00:00 AM;592;-5;0;25,9;;;;;;;;;;;;;;;;
02/24/2024 10:00:00 AM;726;-5,6;0;22,3;;;;;;;;;;;;;;;;
02/24/2024 11:00:00 AM;833;-5,6;0;22,3;;;;;;;;;;;;;;;;
02/24/2024 12:00:00 PM;815;-6,7;0;16,6;;;;;;;;;;;;;;;;
02/24/2024 01:00:00 PM;822;-5;0;13;;;;;;;;;;;;;;;;
02/24/2024 02:00:00 PM;884;-3,3;0;13;;;;;;;;;;;;;;;;
02/24/2024 03:00:00 PM;871;-3,3;0;18,4;;;;;;;;;;;;;;;;
02/24/2024 04:00:00 PM;946;-1,7;0;9,4;;;;;;;;;;;;;;;;
02/24/2024 05:00:00 PM;951;-0,6;0;5,4;;;;;;;;;;;;;;;;
02/24/2024 06:00:00 PM;1049;0;0;0;;;;;;;;;;;;;;;;
02/24/2024 07:00:00 PM;937;0,6;0;5,4;;;;;;;;;;;;;;;;
02/24/2024 08:00:00 PM;727;0,6;0;5,4;;;;;;;;;;;;;;;;
02/24/2024 09:00:00 PM;635;1,1;0;13;;;;;;;;;;;;;;;;
02/24/2024 10:00:00 PM;560;1,1;0;14,8;;;;;;;;;;;;;;;;
02/24/2024 11:00:00 PM;517;0,6;0;14,8;;;;;;;;;;;;;;;;
02/25/2024 12:00:00 AM;385;0,6;0;18,4;;;;;;;;;;;;;;;;
02/25/2024 01:00:00 AM;258;0,6;0;18,4;;;;;;;;;;;;;;;;
02/25/2024 02:00:00 AM;162;0;0;14,8;;;;;;;;;;;;;;;;
02/25/2024 03:00:00 AM;115;0;0;16,6;;;;;;;;;;;;;;;;
02/25/2024 04:00:00 AM;116;0;0;14,8;;;;;;;;;;;;;;;;
02/25/2024 05:00:00 AM;154;0;0;14,8;;;;;;;;;;;;;;;;
02/25/2024 06:00:00 AM;202;0;0;20,5;;;;;;;;;;;;;;;;
02/25/2024 07:00:00 AM;264;0;0;18,4;;;;;;;;;;;;;;;;
02/25/2024 08:00:00 AM;396;0;0;20,5;;;;;;;;;;;;;;;;
02/25/2024 09:00:00 AM;564;0;0;20,5;;;;;;;;;;;;;;;;
02/25/2024 10:00:00 AM;626;0;0;20,5;;;;;;;;;;;;;;;;
02/25/2024 11:00:00 AM;711;0,6;0;18,4;;;;;;;;;;;;;;;;
02/25/2024 12:00:00 PM;667;1,1;0;20,5;;;;;;;;;;;;;;;;
02/25/2024 01:00:00 PM;754;1,1;0;20,5;;;;;;;;;;;;;;;;
02/25/2024 02:00:00 PM;733;3,9;0;27,7;;;;;;;;;;;;;;;;
02/25/2024 03:00:00 PM;744;3,9;0;27,7;;;;;;;;;;;;;;;;
02/25/2024 04:00:00 PM;710;8,3;0;18,4;;;;;;;;;;;;;;;;
02/25/2024 05:00:00 PM;796;10,6;0;24,1;;;;;;;;;;;;;;;;
02/25/2024 06:00:00 PM;772;12,8;0;18,4;;;;;;;;;;;;;;;;
02/25/2024 07:00:00 PM;699;15;0;18,4;;;;;;;;;;;;;;;;
02/25/2024 08:00:00 PM;692;15;0;18,4;;;;;;;;;;;;;;;;
02/25/2024 09:00:00 PM;467;15,6;0;18,4;;;;;;;;;;;;;;;;
02/25/2024 10:00:00 PM;380;15,6;0;13;;;;;;;;;;;;;;;;
02/25/2024 11:00:00 PM;349;13,9;0;7,6;;;;;;;;;;;;;;;;
02/26/2024 12:00:00 AM;231;12,8;0;9,4;;;;;;;;;;;;;;;;
02/26/2024 01:00:00 AM;74;12,8;0;9,4;;;;;;;;;;;;;;;;
02/26/2024 02:00:00 AM;45;10,6;0;7,6;;;;;;;;;;;;;;;;
02/26/2024 03:00:00 AM;44;11,1;0;9,4;;;;;;;;;;;;;;;;
02/26/2024 04:00:00 AM;72;9,4;0;5,4;;;;;;;;;;;;;;;;
02/26/2024 05:00:00 AM;214;9,4;0;5,4;;;;;;;;;;;;;;;;
02/26/2024 06:00:00 AM;362;9,4;0;9,4;;;;;;;;;;;;;;;;
02/26/2024 07:00:00 AM;627;6,7;0;5,4;;;;;;;;;;;;;;;;
02/26/2024 08:00:00 AM;916;6,7;0;7,6;;;;;;;;;;;;;;;;
02/26/2024 09:00:00 AM;1012;5,6;0;9,4;;;;;;;;;;;;;;;;
02/26/2024 10:00:00 AM;1001;5,6;0;9,4;;;;;;;;;;;;;;;;
02/26/2024 11:00:00 AM;953;3,3;0;11,2;;;;;;;;;;;;;;;;
02/26/2024 12:00:00 PM;967;5,6;0;9,4;;;;;;;;;;;;;;;;
02/26/2024 01:00:00 PM;1018;7,2;0;14,8;;;;;;;;;;;;;;;;
02/26/2024 02:00:00 PM;1081;10;0;14,8;;;;;;;;;;;;;;;;
02/26/2024 03:00:00 PM;1047;10;0;20,5;;;;;;;;;;;;;;;;
02/26/2024 04:00:00 PM;1121;13,9;0;18,4;;;;;;;;;;;;;;;;
02/26/2024 05:00:00 PM;1049;16,1;0;14,8;;;;;;;;;;;;;;;;
02/26/2024 06:00:00 PM;981;17,8;0;14,8;;;;;;;;;;;;;;;;
02/26/2024 07:00:00 PM;868;19,4;0;20,5;;;;;;;;;;;;;;;;
02/26/2024 08:00:00 PM;746;19,4;0;20,5;;;;;;;;;;;;;;;;
02/26/2024 09:00:00 PM;485;21,7;0;24,1;;;;;;;;;;;;;;;;
02/26/2024 10:00:00 PM;340;20;0;20,5;;;;;;;;;;;;;;;;
02/26/2024 11:00:00 PM;269;18,9;0;16,6;;;;;;;;;;;;;;;;
02/27/2024 12:00:00 AM;214;18,9;0;16,6;;;;;;;;;;;;;;;;
02/27/2024 01:00:00 AM;123;17,8;0;18,4;;;;;;;;;;;;;;;;
02/27/2024 02:00:00 AM;44;16,7;0;18,4;;;;;;;;;;;;;;;;
02/27/2024 03:00:00 AM;34;16,1;0;16,6;;;;;;;;;;;;;;;;
02/27/2024 04:00:00 AM;78;15,6;0;20,5;;;;;;;;;;;;;;;;
02/27/2024 05:00:00 AM;153;15,6;0;20,5;;;;;;;;;;;;;;;;
02/27/2024 06:00:00 AM;302;15,6;0;25,9;;;;;;;;;;;;;;;;
02/27/2024 07:00:00 AM;756;15;0;27,7;;;;;;;;;;;;;;;;
02/27/2024 08:00:00 AM;1181;14,4;0;25,9;;;;;;;;;;;;;;;;
02/27/2024 09:00:00 AM;1152;13,9;0;25,9;;;;;;;;;;;;;;;;
02/27/2024 10:00:00 AM;915;13,9;0;27,7;;;;;;;;;;;;;;;;
02/27/2024 11:00:00 AM;999;13,3;0;16,6;;;;;;;;;;;;;;;;
02/27/2024 12:00:00 PM;966;12,8;0;18,4;;;;;;;;;;;;;;;;
02/27/2024 01:00:00 PM;1021;13,3;0;20,5;;;;;;;;;;;;;;;;
02/27/2024 02:00:00 PM;1101;13,3;0;20,5;;;;;;;;;;;;;;;;
02/27/2024 03:00:00 PM;1111;15,6;0;22,3;;;;;;;;;;;;;;;;
02/27/2024 04:00:00 PM;1160;19,4;0;20,5;;;;;;;;;;;;;;;;
02/27/2024 05:00:00 PM;1196;21,1;0;29,5;;;;;;;;;;;;;;;;
02/27/2024 06:00:00 PM;1047;21,1;0;24,1;;;;;;;;;;;;;;;;
02/27/2024 07:00:00 PM;853;21,1;0;31,7;;;;;;;;;;;;;;;;
02/27/2024 08:00:00 PM;650;22,8;0;16,6;;;;;;;;;;;;;;;;
02/27/2024 09:00:00 PM;515;21,7;0;22,3;;;;;;;;;;;;;;;;
02/27/2024 10:00:00 PM;524;20;0;20,5;;;;;;;;;;;;;;;;
02/27/2024 11:00:00 PM;451;19,4;0;9,4;;;;;;;;;;;;;;;;
02/28/2024 12:00:00 AM;331;19,4;0;9,4;;;;;;;;;;;;;;;;
02/28/2024 01:00:00 AM;182;19,4;0,2;16,6;;;;;;;;;;;;;;;;
02/28/2024 02:00:00 AM;84;12,2;5,5;13;;;;;;;;;;;;;;;;
02/28/2024 03:00:00 AM;51;12,2;5,8;13;;;;;;;;;;;;;;;;
02/28/2024 04:00:00 AM;78;12,2;0;16,6;;;;;;;;;;;;;;;;
02/28/2024 05:00:00 AM;154;12,2;0;16,6;;;;;;;;;;;;;;;;
02/28/2024 06:00:00 AM;352;10;0;22,3;;;;;;;;;;;;;;;;
02/28/2024 07:00:00 AM;849;7,2;0;27,7;;;;;;;;;;;;;;;;
02/28/2024 08:00:00 AM;1275;7,2;0;27,7;;;;;;;;;;;;;;;;
02/28/2024 09:00:00 AM;1230;3,3;0;25,9;;;;;;;;;;;;;;;;
02/28/2024 10:00:00 AM;1101;0;0;22,3;;;;;;;;;;;;;;;;
02/28/2024 11:00:00 AM;1105;-2,8;0;33,5;;;;;;;;;;;;;;;;
02/28/2024 12:00:00 PM;1129;-3,3;0;27,7;;;;;;;;;;;;;;;;
02/28/2024 01:00:00 PM;1144;-3,3;0;27,7;;;;;;;;;;;;;;;;
02/28/2024 02:00:00 PM;1113;-5,6;0;35,3;;;;;;;;;;;;;;;;
02/28/2024 03:00:00 PM;1221;-6,7;0;27,7;;;;;;;;;;;;;;;;
02/28/2024 04:00:00 PM;1294;-5,6;0;31,7;;;;;;;;;;;;;;;;
02/28/2024 05:00:00 PM;1444;-3,3;0;31,7;;;;;;;;;;;;;;;;
02/28/2024 06:00:00 PM;1312;-2,2;0;27,7;;;;;;;;;;;;;;;;
02/28/2024 07:00:00 PM;1032;-2,2;0;27,7;;;;;;;;;;;;;;;;
02/28/2024 08:00:00 PM;870;-0,6;0;27,7;;;;;;;;;;;;;;;;
02/28/2024 09:00:00 PM;651;-0,6;0;25,9;;;;;;;;;;;;;;;;
02/28/2024 10:00:00 PM;467;-0,6;0;22,3;;;;;;;;;;;;;;;;
02/28/2024 11:00:00 PM;361;-1,7;0;22,3;;;;;;;;;;;;;;;;
02/29/2024 12:00:00 AM;228;-1,7;0;25,9;;;;;;;;;;;;;;;;
02/29/2024 01:00:00 AM;96;-2,8;0;13;;;;;;;;;;;;;;;;
02/29/2024 02:00:00 AM;38;-2,8;0;13;;;;;;;;;;;;;;;;
02/29/2024 03:00:00 AM;39;-3,3;0;24,1;;;;;;;;;;;;;;;;
02/29/2024 04:00:00 AM;91;-3,9;0;14,8;;;;;;;;;;;;;;;;
02/29/2024 05:00:00 AM;169;-5;0;22,3;;;;;;;;;;;;;;;;
02/29/2024 06:00:00 AM;370;-5,6;0;22,3;;;;;;;;;;;;;;;;
02/29/2024 07:00:00 AM;814;-5,6;0;14,8;;;;;;;;;;;;;;;;
02/29/2024 08:00:00 AM;1121;-6,1;0;11,2;;;;;;;;;;;;;;;;
02/29/2024 09:00:00 AM;1123;-6,1;0;11,2;;;;;;;;;;;;;;;;
02/29/2024 10:00:00 AM;984;-6,7;0;0;;;;;;;;;;;;;;;;
02/29/2024 11:00:00 AM;1084;-6,7;0;0;;;;;;;;;;;;;;;;
02/29/2024 12:00:00 PM;1093;-6,7;0;5,4;;;;;;;;;;;;;;;;
02/29/2024 01:00:00 PM;1165;-5,6;0;5,4;;;;;;;;;;;;;;;;
02/29/2024 02:00:00 PM;1195;-5,6;0;5,4;;;;;;;;;;;;;;;;
02/29/2024 03:00:00 PM;1312;-1,7;0;14,8;;;;;;;;;;;;;;;;
02/29/2024 04:00:00 PM;1321;0;0;18,4;;;;;;;;;;;;;;;;
02/29/2024 05:00:00 PM;1433;2,2;0;20,5;;;;;;;;;;;;;;;;
02/29/2024 06:00:00 PM;1319;3,9;0;16,6;;;;;;;;;;;;;;;;
02/29/2024 07:00:00 PM;1215;3,9;0;16,6;;;;;;;;;;;;;;;;
02/29/2024 08:00:00 PM;978;6,1;0;20,5;;;;;;;;;;;;;;;;
02/29/2024 09:00:00 PM;708;7,2;0;25,9;;;;;;;;;;;;;;;;
02/29/2024 10:00:00 PM;581;6,7;0;20,5;;;;;;;;;;;;;;;;
02/29/2024 11:00:00 PM;449;6,7;0;20,5;;;;;;;;;;;;;;;;
03/01/2024 12:00:00 AM;39;5,6;0;18,4;;;;;;;;;;;;;;;;
